urun_fiyat,urun_puan,ekran_ekran_boyutu,ekran_ekran_teknolojisi,ekran_ekran_cozunurlugu_standardi,ekran_ekran_yenileme_hizi,ekran_ekran_dayanikliligi,batarya_batarya_kapasitesi_tipik,batarya_hizli_sarj,batarya_hizli_sarj_gucu_maks,batarya_kablosuz_sarj,kamera_kamera_cozunurlugu,kamera_optik_goruntu_sabitleyici_ois,kamera_video_kayit_cozunurlugu,kamera_video_fps_degeri,kamera_on_kamera_cozunurlugu,temel_donanim_cpu_cekirdegi,temel_donanim_cpu_uretim_teknolojisi,temel_donanim_antutu_puani_v10,temel_donanim_bellek_ram,temel_donanim_dahili_depolama,tasarim_kalinlik,tasarim_agirlik,tasarim_govde_malzemesi_kapak,ag_baglantilari_5g,kablosuz_baglantilar_bluetooth_versiyonu,kablosuz_baglantilar_nfc,isletim_sistemi_isletim_sistemi,ozellikler_suya_dayaniklilik,ozellikler_suya_dayaniklilik_seviyesi,temel_donanim_yonga_seti_marka
93500.0,90.0,6.9,OLED,FHD+,120,Corning Ceramic Shield Glass (Gen2),4832,Var,40.0,1,48,1.0,2160p (Ultra HD) 4K,60 fps,18.0,6 Çekirdek,3,2.697.900 Puan,12.0,256,8.75,231.0,Cam,Var,6.0,Var,iOS,1.0,IPX8,Apple
47699.0,70.0,6.1,OLED,FHD+,60,Corning Ceramic Shield Glass,3349,Var,20.0,1,48,1.0,2160p (Ultra HD) 4K,60 fps,12.0,6 Çekirdek,4,1.753.700 Puan,6.0,128,7.8,171.0,Cam,Var,5.3,Var,iOS,1.0,IPX8,Apple
31431.55,74.0,6.7,Dynamic AMOLED,FHD+,120,Corning Gorilla Glass Victus+,4900,Var,45.0,1,50,1.0,4320p (Ultra HD) 8K,30 fps,12.0,10 Çekirdek,4,1.810.600 Puan,8.0,256,7.4,190.0,Cam,Var,5.4,Var,Android,1.0,IPX8,Samsung Exynos
71499.0,82.0,6.3,OLED,FHD+,120,Corning Ceramic Shield Glass (Gen2),3692,Var,40.0,1,48,1.0,2160p (Ultra HD) 4K,60 fps,18.0,6 Çekirdek,3,2.542.200 Puan,8.0,256,7.95,177.0,Cam,Var,6.0,Var,iOS,1.0,IPX8,Apple
39395.0,89.0,6.83,AMOLED,FHD+,144,Corning Gorilla Glass 7i,5500,Var,90.0,1,50,1.0,4320p (Ultra HD) 8K,30 fps,32.0,8 Çekirdek,3,2.393.700 Puan,12.0,512,7.96,210.0,Fiberglass,Var,6.0,Var,Android,1.0,IPX8,MediaTek
21745.0,65.0,6.7,Super AMOLED,FHD+,120,Corning Gorilla Glass Victus+,5000,Var,45.0,0,50,1.0,2160p (Ultra HD) 4K,30 fps,12.0,8 Çekirdek,4,910.500 Puan,8.0,256,7.4,198.0,Cam,Var,5.3,Var,Android,1.0,IPX7,Samsung Exynos
95499.0,89.0,6.3,OLED,FHD+,120,Corning Ceramic Shield Glass (Gen2),3988,Var,40.0,1,48,1.0,2160p (Ultra HD) 4K,60 fps,18.0,6 Çekirdek,3,2.430.600 Puan,12.0,256,8.75,204.0,Cam,Var,6.0,Var,iOS,1.0,IPX8,Apple
84999.0,97.0,6.78,AMOLED,FHD+,120,Corning Gorilla Glass Victus 2,7500,Var,80.0,1,50,1.0,2160p (Ultra HD) 4K,60 fps,50.0,8 Çekirdek,3,2.719.600 Puan,16.0,512,8.25,224.0,,Var,6.0,Var,Android,1.0,IPX9,MediaTek
58521.59,75.0,6.1,OLED,FHD+,60,Corning Ceramic Shield Glass (Gen2),3561,Var,25.0,1,48,1.0,2160p (Ultra HD) 4K,60 fps,12.0,6 Çekirdek,3,1.517.700 Puan,8.0,128,7.8,170.0,Cam,Var,5.3,Var,iOS,1.0,IPX8,Apple
42564.48,87.0,6.83,AMOLED,FHD+,144,Corning Gorilla Glass 7i,5500,Var,90.0,1,50,1.0,4320p (Ultra HD) 8K,30 fps,32.0,8 Çekirdek,3,2.393.700 Puan,12.0,256,7.96,210.0,Fiberglass,Var,6.0,Var,Android,1.0,IPX8,MediaTek
79999.0,,6.71,OLED,FHD+,120,NanoCrystal Shield,7100,Var,100.0,1,50,1.0,2160p (Ultra HD) 4K,60 fps,50.0,8 Çekirdek,3,,12.0,512,8.32,219.0,,Var,6.0,Var,Android,1.0,IPX9K,Qualcomm
24010.0,64.0,6.1,OLED,FHD+,60,Corning Ceramic Shield Glass,3227,Var,20.0,1,12,1.0,2160p (Ultra HD) 4K,60 fps,12.0,6 Çekirdek,5,1.550.800 Puan,4.0,128,7.65,174.0,Cam,Var,5.0,Var,iOS,1.0,IPX8,Apple
12373.44,60.0,6.67,AMOLED,FHD+,120,Corning Gorilla Glass Victus 2,5500,Var,45.0,0,200,1.0,1080p (Full HD),60 fps,32.0,8 Çekirdek,6,423.900 Puan,8.0,256,8.24,180.0,Plastik (Cam Görünümlü),Yok,5.3,Var,Android,1.0,IPX4,MediaTek
17744.03,63.0,6.7,Super AMOLED,FHD+,120,Corning Gorilla Glass Victus+,5000,Var,45.0,0,50,1.0,2160p (Ultra HD) 4K,30 fps,12.0,8 Çekirdek,4,655.200 Puan,8.0,256,7.4,195.0,Cam,Var,5.4,Var,Android,1.0,IPX7,Qualcomm
21995.0,76.0,6.67,AMOLED,FHD+,120,Corning Gorilla Glass 7i,6000,Var,90.0,0,50,1.0,2160p (Ultra HD) 4K,60 fps,20.0,8 Çekirdek,4,1.700.100 Puan,12.0,512,8.29,195.0,Kauçuk/Plastik (Deri Görünümlü) | Plastik (Cam Görünümlü),Var,6.0,Var,Android,1.0,IPX8,MediaTek
36049.0,83.0,6.7,AMOLED,FHD+,120,,6000,Var,100.0,1,200,1.0,2160p (Ultra HD) 4K,60 fps,50.0,8 Çekirdek,4,1.902.700 Puan,12.0,512,8.1,205.0,,Var,5.4,Var,Android,1.0,IPX9,Qualcomm
75464.03,87.0,6.9,Dynamic AMOLED,QHD+,120,Corning Gorilla Armor 2,5000,Var,45.0,1,200,1.0,4320p (Ultra HD) 8K,30 fps,12.0,8 Çekirdek,3,2.551.600 Puan,12.0,256,8.2,218.0,Cam,Var,5.4,Var,Android,1.0,IPX8,Qualcomm
47799.0,82.0,6.2,Dynamic AMOLED,FHD+,120,Corning Gorilla Glass Victus 2,4000,Var,25.0,1,50,1.0,4320p (Ultra HD) 8K,30 fps,12.0,8 Çekirdek,3,2.193.700 Puan,12.0,256,7.2,162.0,Cam,Var,5.4,Var,Android,1.0,IPX8,Qualcomm
67499.0,94.0,6.31,AMOLED,FHD+,120,,6040,Var,90.0,1,200,1.0,2160p (Ultra HD) 4K,60 fps,50.0,8 Çekirdek,3,2.554.000 Puan,16.0,512,7.95,190.0,Cam,Var,6.0,Var,Android,1.0,IPX9,MediaTek
40375.0,72.0,6.1,OLED,FHD+,60,Corning Ceramic Shield Glass,4005,Var,20.0,1,48,1.0,2160p (Ultra HD) 4K,60 fps,12.0,6 Çekirdek,3,1.405.700 Puan,8.0,128,7.8,167.0,Cam,Var,5.3,Var,iOS,1.0,IPX8,Apple
38999.0,79.0,6.7,Dynamic AMOLED,QHD+,120,Corning Gorilla Glass Victus 2,4900,Var,45.0,1,50,1.0,4320p (Ultra HD) 8K,30 fps,12.0,10 Çekirdek,4,1.827.100 Puan,12.0,256,7.7,196.0,Cam,Var,5.3,Var,Android,1.0,IPX8,Samsung Exynos
31658.26,75.0,6.2,Dynamic AMOLED,FHD+,120,Corning Gorilla Glass Victus 2,4000,Var,25.0,1,50,1.0,4320p (Ultra HD) 8K,30 fps,12.0,10 Çekirdek,4,1.851.600 Puan,8.0,256,7.6,167.0,Cam,Var,5.3,Var,Android,1.0,IPX8,Samsung Exynos
18534.76,,6.77,AMOLED,FHD+,120,Corning Gorilla Glass Victus 2,6500,Var,45.0,0,200,1.0,1080p (Full HD),60 fps,32.0,8 Çekirdek,6,,8.0,256,7.96,195.0,,Yok,5.3,Var,Android,1.0,IPX5,MediaTek
9077.22,48.0,6.9,IPS LCD,HD+,120,,6000,Var,33.0,0,50,0.0,1080p (Full HD),30 fps,8.0,8 Çekirdek,12,274.600 Puan,8.0,256,7.99,205.0,,Yok,5.4,Var,Android,1.0,IPX4,MediaTek
91967.49,88.0,6.9,OLED,FHD+,120,Corning Ceramic Shield Glass (Gen2),4685,Var,30.0,1,48,1.0,2160p (Ultra HD) 4K,60 fps,12.0,6 Çekirdek,3,1.949.200 Puan,8.0,256,8.25,227.0,Cam,Var,5.3,Var,iOS,1.0,IPX8,Apple
14299.0,59.0,6.7,Super AMOLED,FHD+,120,Corning Gorilla Glass Victus+,5000,Var,25.0,0,50,1.0,2160p (Ultra HD) 4K,30 fps,13.0,8 Çekirdek,5,599.200 Puan,8.0,256,7.7,200.0,Cam,Var,5.3,Var,Android,1.0,IPX7,Samsung Exynos
65770.85,83.0,6.8,Dynamic AMOLED,QHD+,120,Corning Gorilla Armor,5000,Var,45.0,1,200,1.0,4320p (Ultra HD) 8K,30 fps,12.0,8 Çekirdek,4,2.019.200 Puan,12.0,256,8.6,232.0,Cam,Var,5.3,Var,Android,1.0,IPX8,Qualcomm
20999.0,66.0,6.79,AMOLED,FHD+,120,,7500,Var,66.0,0,108,1.0,2160p (Ultra HD) 4K,30 fps,16.0,8 Çekirdek,4,754.200 Puan,8.0,256,7.76,189.0,Plastik (Cam Görünümlü),Var,5.2,Var,Android,1.0,IPX9K,Qualcomm
7749.0,42.0,6.7,PLS,HD+,90,,5000,Var,25.0,0,50,0.0,1080p (Full HD),30 fps,8.0,8 Çekirdek,6,394.400 Puan,4.0,128,7.6,184.0,Plastik (Cam Görünümlü),Yok,5.3,Yok,Android,1.0,IPX4,MediaTek
79006.48,88.0,6.9,Dynamic AMOLED,QHD+,120,Corning Gorilla Armor 2,5000,Var,45.0,1,200,1.0,4320p (Ultra HD) 8K,30 fps,12.0,8 Çekirdek,3,2.551.600 Puan,12.0,512,8.2,218.0,Cam,Var,5.4,Var,Android,1.0,IPX8,Qualcomm
21389.93,73.0,6.67,AMOLED,FHD+,120,Corning Gorilla Glass 7i,6000,Var,90.0,0,50,1.0,2160p (Ultra HD) 4K,60 fps,20.0,8 Çekirdek,4,1.700.100 Puan,8.0,256,8.29,195.0,Kauçuk/Plastik (Deri Görünümlü) | Plastik (Cam Görünümlü),Var,6.0,Var,Android,1.0,IPX8,MediaTek
13266.06,55.0,6.7,Super AMOLED,FHD+,90,Corning Gorilla Glass Victus,5000,Var,25.0,0,50,1.0,1080p (Full HD),30 fps,13.0,8 Çekirdek,5,463.100 Puan,8.0,256,7.5,192.0,,Var,5.3,Var,Android,1.0,IPX4,Samsung Exynos
53449.0,71.0,6.1,OLED,FHD+,60,Corning Ceramic Shield Glass,3349,Var,20.0,1,48,1.0,2160p (Ultra HD) 4K,60 fps,12.0,6 Çekirdek,4,1.753.700 Puan,6.0,256,7.8,171.0,Cam,Var,5.3,Var,iOS,1.0,IPX8,Apple
77999.0,84.0,6.3,OLED,FHD+,120,Corning Ceramic Shield Glass (Gen2),3582,Var,25.0,1,48,1.0,2160p (Ultra HD) 4K,60 fps,12.0,6 Çekirdek,3,1.853.700 Puan,8.0,128,8.25,199.0,Cam,Var,5.3,Var,iOS,1.0,IPX8,Apple
61999.0,86.0,6.7,Dynamic AMOLED,QHD+,120,Corning Gorilla Glass Victus 2,4900,Var,45.0,1,50,1.0,4320p (Ultra HD) 8K,30 fps,12.0,8 Çekirdek,3,2.258.900 Puan,12.0,256,7.3,190.0,Cam,Var,5.4,Var,Android,1.0,IPX8,Qualcomm
12399.95,57.0,6.7,Super AMOLED,FHD+,120,Corning Gorilla Glass Victus+,5000,Var,25.0,0,50,1.0,2160p (Ultra HD) 4K,30 fps,13.0,8 Çekirdek,5,583.300 Puan,6.0,128,7.7,200.0,Cam,Var,5.3,Var,Android,1.0,IPX7,Samsung Exynos
31475.53,79.0,6.83,AMOLED,FHD+,120,Corning Gorilla Glass 7i,5500,Var,67.0,0,50,1.0,2160p (Ultra HD) 4K,60 fps,32.0,8 Çekirdek,4,1.640.700 Puan,12.0,256,7.5,194.0,Plastik (Cam Görünümlü),Var,6.0,Var,Android,1.0,IPX8,MediaTek
16614.31,,6.57,AMOLED,FHD+,120,AGC Dragontrail DT-STAR D+,7000,Var,80.0,0,50,0.0,1080p (Full HD),60 fps,16.0,8 Çekirdek,6,,8.0,256,8.0,185.0,,Var,5.4,Var,Android,1.0,IPX9,MediaTek
77212.28,83.0,6.7,OLED,FHD+,120,Corning Ceramic Shield Glass,4441,Var,20.0,1,48,1.0,2160p (Ultra HD) 4K,60 fps,12.0,6 Çekirdek,3,1.740.400 Puan,8.0,256,8.25,221.0,Cam,Var,5.3,Var,iOS,1.0,IPX8,Apple
89377.69,96.0,6.78,AMOLED,FHD+,120,Vivo Armor Glass,6510,Var,90.0,1,50,1.0,4320p (Ultra HD) 8K,30 fps,50.0,8 Çekirdek,3,2.982.900 Puan,16.0,512,7.99,226.0,Cam,Var,5.4,Var,Android,1.0,IPX9,MediaTek
31162.0,,6.83,AMOLED,FHD+,120,Corning Gorilla Glass Victus 2,6500,Var,100.0,0,200,1.0,2160p (Ultra HD) 4K,30 fps,32.0,8 Çekirdek,4,,8.0,256,8.47,207.1,,Var,5.4,Var,Android,1.0,IPX9K,Qualcomm
74999.0,100.0,6.78,AMOLED,FHD+,165,Corning Gorilla Glass Victus 2,7300,Var,120.0,1,50,1.0,4320p (Ultra HD) 8K,30 fps,32.0,8 Çekirdek,3,2.790.200 Puan,16.0,512,8.2,215.0,,Var,6.0,Var,Android,1.0,IPX9K,Qualcomm
55599.0,92.0,6.8,OLED,FHD+,120,NanoCrystal Shield,5850,Var,100.0,1,50,1.0,2160p (Ultra HD) 4K,60 fps,50.0,8 Çekirdek,3,2.727.900 Puan,12.0,512,8.8,223.0,Cam,Var,5.4,Var,Android,1.0,IPX9,Qualcomm
128998.99,91.0,6.9,OLED,FHD+,120,Corning Ceramic Shield Glass (Gen2),4832,Var,40.0,1,48,1.0,2160p (Ultra HD) 4K,60 fps,18.0,6 Çekirdek,3,2.697.900 Puan,12.0,512,8.75,231.0,Cam,Var,6.0,Var,iOS,1.0,IPX8,Apple
26656.0,,6.83,AMOLED,FHD+,120,Corning Gorilla Glass Victus 2,6580,Var,45.0,0,200,1.0,2160p (Ultra HD) 4K,30 fps,20.0,8 Çekirdek,4,,8.0,256,7.96,210.0,,Var,5.4,Var,Android,1.0,IPX9K,MediaTek
74799.0,81.0,6.5,OLED,FHD+,120,Corning Ceramic Shield Glass (Gen2),3149,Var,20.0,1,48,1.0,2160p (Ultra HD) 4K,60 fps,18.0,6 Çekirdek,3,2.123.800 Puan,12.0,256,5.64,165.0,Cam,Var,6.0,Var,iOS,1.0,IPX8,Apple
47313.45,81.0,6.2,Dynamic AMOLED,FHD+,120,Corning Gorilla Glass Victus 2,4000,Var,25.0,1,50,1.0,4320p (Ultra HD) 8K,30 fps,12.0,8 Çekirdek,3,2.193.700 Puan,12.0,128,7.2,162.0,Cam,Var,5.4,Var,Android,1.0,IPX8,Qualcomm
11349.0,53.0,6.9,IPS LCD,FHD+,144,,7000,Var,33.0,0,50,0.0,1080p (Full HD),30 fps,8.0,8 Çekirdek,6,372.100 Puan,8.0,256,8.4,214.0,,Yok,5.0,Var,Android,1.0,IPX4,Qualcomm
31150.0,80.0,6.83,AMOLED,FHD+,120,Corning Gorilla Glass 7i,5500,Var,67.0,0,50,1.0,2160p (Ultra HD) 4K,60 fps,32.0,8 Çekirdek,4,1.640.700 Puan,12.0,512,7.5,194.0,Plastik (Cam Görünümlü),Var,6.0,Var,Android,1.0,IPX8,MediaTek
11522.08,56.0,6.67,AMOLED,FHD+,120,Corning Gorilla Glass 5,5500,Var,33.0,0,108,0.0,1080p (Full HD),60 fps,20.0,8 Çekirdek,6,443.500 Puan,8.0,256,8.16,196.5,Plastik (Cam Görünümlü),Yok,5.3,Var,Android,1.0,IPX4,MediaTek
16224.86,61.0,6.7,Super AMOLED,FHD+,120,Corning Gorilla Glass Victus+,5000,Var,45.0,0,50,1.0,2160p (Ultra HD) 4K,30 fps,12.0,8 Çekirdek,4,655.200 Puan,8.0,128,7.4,195.0,Cam,Var,5.4,Var,Android,1.0,IPX7,Qualcomm
72212.93,79.0,6.1,OLED,FHD+,120,Corning Ceramic Shield Glass,3274,Var,20.0,1,48,1.0,2160p (Ultra HD) 4K,60 fps,12.0,6 Çekirdek,3,1.791.300 Puan,8.0,128,8.25,187.0,Cam,Var,5.3,Var,iOS,1.0,IPX8,Apple
15438.18,63.0,6.67,AMOLED,FHD+,120,Corning Gorilla Glass Victus,5100,Var,67.0,0,200,1.0,2160p (Ultra HD) 4K,30 fps,16.0,8 Çekirdek,4,581.500 Puan,8.0,256,7.98,187.0,Cam,Var,5.2,Var,Android,1.0,IPX4,Qualcomm
78489.9,94.0,6.73,AMOLED,QHD+,120,Xiaomi Shield Glass 2,5410,Var,90.0,1,50,1.0,4320p (Ultra HD) 8K,30 fps,32.0,8 Çekirdek,3,2.661.600 Puan,16.0,512,9.48,226.0,,Var,6.0,Var,Android,1.0,IPX8,Qualcomm
49400.0,82.0,6.7,Dynamic AMOLED,QHD+,120,Corning Gorilla Glass Ceramic 2,3900,Var,25.0,1,200,1.0,4320p (Ultra HD) 8K,30 fps,12.0,8 Çekirdek,3,2.161.200 Puan,12.0,256,5.8,163.0,Cam,Var,5.4,Var,Android,1.0,IPX8,Qualcomm
29508.46,73.0,6.7,Dynamic AMOLED,FHD+,120,Corning Gorilla Glass Victus+,4700,Var,25.0,1,50,1.0,4320p (Ultra HD) 8K,30 fps,10.0,10 Çekirdek,4,1.832.742 Puan,8.0,256,8.0,213.0,Cam,Var,5.3,Var,Android,1.0,IPX8,Samsung Exynos
54076.8,90.0,6.36,AMOLED,FHD+,120,Xiaomi Shield Glass,5240,Var,90.0,1,50,1.0,4320p (Ultra HD) 8K,30 fps,32.0,8 Çekirdek,3,2.692.300 Puan,12.0,512,8.08,191.0,,Var,6.0,Var,Android,1.0,IPX8,Qualcomm
19212.0,63.0,6.78,AMOLED,FHD+,144,Corning Gorilla Glass 7i,5200,Var,45.0,0,50,1.0,2160p (Ultra HD) 4K,30 fps,50.0,8 Çekirdek,4,733.500 Puan,8.0,256,7.29,178.0,,Var,5.4,Var,Android,1.0,IPX9,MediaTek
11079.0,53.0,6.7,Super AMOLED,FHD+,90,Corning Gorilla Glass Victus,5000,Var,25.0,0,50,1.0,1080p (Full HD),30 fps,13.0,8 Çekirdek,5,445.300 Puan,6.0,128,7.5,192.0,,Var,5.3,Var,Android,1.0,IPX4,Samsung Exynos
17700.93,65.0,6.4,Dynamic AMOLED,FHD+,120,Corning Gorilla Glass Victus,4500,Var,25.0,1,12,1.0,2160p (Ultra HD) 4K,60 fps,32.0,8 Çekirdek,5,955.800 Puan,8.0,128,7.9,177.0,Polimer (Cam Görünümlü),Var,5.0,Var,Android,1.0,IPX8,Qualcomm
23237.75,67.0,6.55,AMOLED,FHD+,120,,6000,Var,80.0,0,200,1.0,2160p (Ultra HD) 4K,30 fps,50.0,8 Çekirdek,4,838.600 Puan,8.0,256,7.3,184.0,,Var,5.4,Var,Android,1.0,IPX6,Qualcomm
11699.0,,6.67,IPS LCD,HD+,120,,6000,Var,45.0,0,50,0.0,1080p (Full HD),30 fps,8.0,8 Çekirdek,6,,8.0,256,7.99,194.0,,Var,5.4,Var,Android,1.0,IPX5,MediaTek
14806.61,57.0,6.78,AMOLED,FHD+,144,Corning Gorilla Glass 7i,5160,Var,45.0,0,50,0.0,1440p (Quad HD) 2K,30 fps,13.0,8 Çekirdek,6,449.900 Puan,8.0,256,6.09,156.0,,Var,5.4,Var,Android,1.0,IPX4,MediaTek
67949.0,77.0,6.7,OLED,FHD+,60,Corning Ceramic Shield Glass (Gen2),4674,Var,30.0,1,48,1.0,2160p (Ultra HD) 4K,60 fps,12.0,6 Çekirdek,3,1.572.700 Puan,8.0,128,7.8,199.0,Cam,Var,5.3,Var,iOS,1.0,IPX8,Apple
24399.0,69.0,6.55,AMOLED,FHD+,120,,6000,Var,80.0,0,200,1.0,2160p (Ultra HD) 4K,30 fps,50.0,8 Çekirdek,4,848.100 Puan,12.0,256,7.3,184.0,,Var,5.4,Var,Android,1.0,IPX6,Qualcomm
26790.0,76.0,6.67,AMOLED,FHD+,144,Corning Gorilla Glass 5,5000,Var,67.0,0,50,1.0,2160p (Ultra HD) 4K,60 fps,32.0,8 Çekirdek,4,1.359.000 Puan,12.0,512,7.8,195.0,Plastik (Cam Görünümlü),Var,5.4,Var,Android,1.0,IPX8,MediaTek
52224.85,78.0,6.8,Dynamic AMOLED,QHD+,120,Corning Gorilla Glass Victus 2,5000,Var,45.0,1,200,1.0,4320p (Ultra HD) 8K,30 fps,12.0,8 Çekirdek,4,1.542.300 Puan,8.0,256,8.9,233.0,Cam,Var,5.3,Var,Android,1.0,IPX8,Qualcomm
16185.0,63.0,6.67,AMOLED,FHD+,120,Corning Gorilla Glass Victus 2,5500,Var,45.0,0,200,1.0,1080p (Full HD),60 fps,32.0,8 Çekirdek,6,452.700 Puan,12.0,512,8.24,180.0,Plastik (Cam Görünümlü),Yok,5.3,Var,Android,1.0,IPX4,MediaTek
9199.0,48.0,6.7,Super AMOLED,FHD+,90,,5000,Var,25.0,0,50,0.0,1080p (Full HD),30 fps,13.0,8 Çekirdek,6,387.400 Puan,4.0,128,7.9,200.0,Plastik (Cam Görünümlü),Yok,5.3,Var,Android,1.0,IPX4,MediaTek
32849.0,76.0,6.59,AMOLED,FHD+,120,Corning Gorilla Glass 7i,6000,Var,80.0,0,50,1.0,2160p (Ultra HD) 4K,60 fps,50.0,8 Çekirdek,4,1.384.000 Puan,12.0,256,7.42,187.0,,Var,5.4,Var,Android,1.0,IPX9,MediaTek
20399.0,64.0,6.7,Super AMOLED,FHD+,120,Corning Gorilla Glass Victus+,5000,Var,45.0,0,50,1.0,2160p (Ultra HD) 4K,30 fps,12.0,8 Çekirdek,4,910.500 Puan,8.0,128,7.4,198.0,Cam,Var,5.3,Var,Android,1.0,IPX7,Samsung Exynos
54999.0,93.0,6.9,AMOLED,FHD+,120,Poco Shield Glass,6500,Var,100.0,1,50,1.0,4320p (Ultra HD) 8K,30 fps,32.0,8 Çekirdek,3,2.720.000 Puan,12.0,256,8.05,220.0,,Var,6.0,Var,Android,1.0,IPX8,Qualcomm
15898.13,,6.77,AMOLED,FHD+,120,Corning Gorilla Glass 7i,6000,Var,33.0,0,108,0.0,1080p (Full HD),60 fps,20.0,8 Çekirdek,6,421.300 Puan,8.0,256,7.94,183.7,,Yok,5.3,Var,Android,1.0,IPX4,MediaTek
32470.0,73.0,6.2,Dynamic AMOLED,FHD+,120,Corning Gorilla Glass Victus 2,4000,Var,25.0,1,50,1.0,4320p (Ultra HD) 8K,30 fps,12.0,10 Çekirdek,4,1.588.900 Puan,8.0,128,7.6,167.0,Cam,Var,5.3,Var,Android,1.0,IPX8,Samsung Exynos
59998.38,89.0,6.85,AMOLED,FHD+,144,Corning Gorilla Glass,7500,Var,80.0,1,50,1.0,4320p (Ultra HD) 8K,30 fps,16.0,8 Çekirdek,3,2.974.500 Puan,12.0,256,8.9,230.0,Cam,Var,5.4,Var,Android,1.0,IPX8,Qualcomm
32500.0,66.0,6.1,OLED,FHD+,60,Corning Ceramic Shield Glass,3279,Var,20.0,1,12,1.0,2160p (Ultra HD) 4K,60 fps,12.0,6 Çekirdek,5,1.381.900 Puan,6.0,128,7.8,172.0,Cam,Var,5.3,Var,iOS,1.0,IPX8,Apple
56999.0,,6.32,OLED,FHD+,120,Corning Gorilla Glass 7i,6200,Var,80.0,0,200,1.0,2160p (Ultra HD) 4K,60 fps,50.0,8 Çekirdek,4,,12.0,512,8.13,188.0,,Var,5.4,Var,Android,1.0,IPX9,MediaTek
17905.29,65.0,6.4,Dynamic AMOLED,FHD+,120,Corning Gorilla Glass Victus,4500,Var,25.0,1,12,1.0,2160p (Ultra HD) 4K,60 fps,32.0,8 Çekirdek,5,941.400 Puan,8.0,128,7.9,177.0,Polimer (Cam Görünümlü),Var,5.0,Var,Android,1.0,IPX8,Samsung Exynos
48999.0,81.0,6.31,AMOLED,FHD+,120,,6500,Var,90.0,0,50,1.0,2160p (Ultra HD) 4K,60 fps,50.0,8 Çekirdek,4,1.939.800 Puan,12.0,256,7.99,186.0,Cam,Var,5.4,Var,Android,1.0,IPX9,MediaTek
21883.2,69.0,6.67,AMOLED,FHD+,120,Corning Gorilla Glass Victus,5000,Var,120.0,0,200,1.0,2160p (Ultra HD) 4K,30 fps,16.0,8 Çekirdek,4,742.500 Puan,12.0,512,8.9,204.5,Cam,Var,5.3,Var,Android,1.0,IPX8,MediaTek
15297.43,60.0,6.57,AMOLED,FHD+,120,AGC Dragontrail DT-STAR D+,7000,Var,80.0,0,50,0.0,1080p (Full HD),60 fps,16.0,8 Çekirdek,6,428.000 Puan,8.0,256,8.0,188.0,,Yok,5.4,Var,Android,1.0,IPX9,MediaTek
12999.0,60.0,6.67,AMOLED,FHD+,120,,5000,Var,67.0,0,50,1.0,2160p (Ultra HD) 4K,30 fps,16.0,8 Çekirdek,6,599.600 Puan,8.0,256,7.87,190.0,Kauçuk/Plastik (Deri Görünümlü),Var,5.2,Var,Android,1.0,IPX4,MediaTek
60999.0,96.0,6.9,AMOLED,FHD+,120,Poco Shield Glass,6500,Var,100.0,1,50,1.0,4320p (Ultra HD) 8K,30 fps,32.0,8 Çekirdek,3,2.964.400 Puan,16.0,512,8.05,220.0,,Var,6.0,Var,Android,1.0,IPX8,Qualcomm
16664.52,,6.78,AMOLED,FHD+,144,,5000,Var,45.0,0,108,1.0,2160p (Ultra HD) 4K,60 fps,32.0,8 Çekirdek,4,1.003.900 Puan,12.0,256,8.15,194.0,,Var,,Var,Android,1.0,IPX4,MediaTek
59999.0,95.0,6.85,AMOLED,FHD+,144,,7200,Var,80.0,1,50,1.0,4320p (Ultra HD) 8K,30 fps,16.0,8 Çekirdek,3,2.941.800 Puan,16.0,512,8.6,227.0,Cam,Var,6.0,Var,Android,1.0,IPX9,Qualcomm
114999.0,90.0,6.3,OLED,FHD+,120,Corning Ceramic Shield Glass (Gen2),3988,Var,40.0,1,48,1.0,2160p (Ultra HD) 4K,60 fps,18.0,6 Çekirdek,3,2.430.600 Puan,12.0,512,8.75,204.0,Cam,Var,6.0,Var,iOS,1.0,IPX8,Apple
24254.46,,6.77,AMOLED,FHD+,120,Corning Gorilla Glass Victus 2,6500,Var,45.0,0,200,1.0,1080p (Full HD),60 fps,32.0,8 Çekirdek,6,,12.0,512,7.96,195.0,,Yok,5.3,Var,Android,1.0,IPX5,MediaTek
40999.0,,6.59,AMOLED,FHD+,120,Corning Gorilla Glass 7i,6210,Var,100.0,0,50,1.0,4320p (Ultra HD) 8K,30 fps,20.0,8 Çekirdek,3,,12.0,256,8.0,199.0,,Var,5.4,Var,Android,1.0,IPX8,Qualcomm
9999.0,50.0,6.7,Super AMOLED,FHD+,90,Corning Gorilla Glass Victus+,5000,Var,25.0,0,50,1.0,1080p (Full HD),30 fps,13.0,8 Çekirdek,6,428.100 Puan,4.0,128,7.5,190.0,Plastik (Cam Görünümlü),Yok,5.3,Var,Android,1.0,IPX4,MediaTek
37149.06,83.0,6.67,AMOLED,FHD+,144,Xiaomi Longjing Glass,5000,Var,120.0,1,50,1.0,4320p (Ultra HD) 8K,30 fps,32.0,8 Çekirdek,4,2.017.000 Puan,12.0,512,8.39,209.0,Cam,Var,5.4,Var,Android,1.0,IPX8,MediaTek
46999.0,,6.59,AMOLED,FHD+,120,Corning Gorilla Glass 7i,6500,Var,80.0,0,50,1.0,2160p (Ultra HD) 4K,60 fps,50.0,8 Çekirdek,4,,12.0,256,7.89,197.0,,Var,5.4,Var,Android,1.0,IPX9,Qualcomm
39999.0,,6.67,AMOLED,FHD+,120,Corning Gorilla Glass 7i,5150,Var,65.0,1,50,1.0,2160p (Ultra HD) 4K,60 fps,50.0,8 Çekirdek,4,,12.0,256,8.99,218.0,,Var,6.0,Var,Android,1.0,IPX8,Qualcomm
29999.0,69.0,6.67,AMOLED,FHD+,120,Corning Gorilla Glass Victus 2,5110,Var,120.0,0,200,1.0,2160p (Ultra HD) 4K,30 fps,20.0,8 Çekirdek,4,750.300 Puan,12.0,512,8.75,210.0,Cam | Kauçuk/Plastik (Deri Görünümlü),Var,5.4,Var,Android,1.0,IPX8,Qualcomm
71146.54,84.0,6.8,Dynamic AMOLED,QHD+,120,Corning Gorilla Armor,5000,Var,45.0,1,200,1.0,4320p (Ultra HD) 8K,30 fps,12.0,8 Çekirdek,4,2.043.500 Puan,12.0,512,8.6,232.0,Cam,Var,5.3,Var,Android,1.0,IPX8,Qualcomm
23799.0,,6.83,AMOLED,FHD+,120,Corning Gorilla Glass Victus 2,6500,Var,100.0,0,50,1.0,2160p (Ultra HD) 4K,30 fps,32.0,8 Çekirdek,4,,8.0,256,8.31,205.9,,Var,5.4,Var,Android,1.0,IPX9K,Qualcomm
15200.0,,6.9,IPS LCD,FHD+,144,,7000,Var,33.0,0,50,0.0,1080p (Full HD),30 fps,8.0,8 Çekirdek,6,,8.0,256,8.4,217.0,,Var,5.1,Var,Android,1.0,IPX4,Qualcomm
37053.9,83.0,6.36,AMOLED,FHD+,120,Corning Gorilla Glass Victus,4610,Var,90.0,1,50,1.0,4320p (Ultra HD) 8K,24 fps,32.0,8 Çekirdek,4,1.996.900 Puan,12.0,256,8.2,193.0,Cam,Var,5.4,Var,Android,1.0,IPX8,Qualcomm
9498.24,43.0,6.88,IPS LCD,HD+,120,Corning Gorilla Glass 3,5160,Var,,0,50,0.0,1080p (Full HD),30 fps,13.0,8 Çekirdek,12,270.100 Puan,8.0,256,8.22,211.0,Kauçuk/Plastik (Deri Görünümlü) | Plastik (Cam Görünümlü),Yok,5.4,Yok,Android,1.0,IPX2,MediaTek
12221.03,60.0,6.67,AMOLED,FHD+,120,Corning Gorilla Glass 5,5000,Var,67.0,0,50,1.0,2160p (Ultra HD) 4K,30 fps,16.0,8 Çekirdek,6,585.100 Puan,8.0,256,7.9,187.0,Cam,Var,5.2,Var,Android,1.0,IPX3,MediaTek
9799.0,54.0,6.78,AMOLED,FHD+,120,Corning Gorilla Glass,5000,Var,33.0,0,50,1.0,1440p (Quad HD) 2K,30 fps,13.0,8 Çekirdek,6,412.400 Puan,8.0,256,7.62,180.0,Plastik (Cam Görünümlü),Yok,5.3,Var,Android,1.0,IPX3,MediaTek
47889.0,74.0,6.1,OLED,FHD+,60,Corning Ceramic Shield Glass,4005,Var,20.0,1,48,1.0,2160p (Ultra HD) 4K,60 fps,12.0,6 Çekirdek,3,1.405.700 Puan,8.0,256,7.8,167.0,Cam,Var,5.3,Var,iOS,1.0,IPX8,Apple
82999.0,86.0,6.3,OLED,FHD+,120,Corning Ceramic Shield Glass (Gen2),3582,Var,25.0,1,48,1.0,2160p (Ultra HD) 4K,60 fps,12.0,6 Çekirdek,3,1.853.700 Puan,8.0,256,8.25,199.0,Cam,Var,5.3,Var,iOS,1.0,IPX8,Apple
47420.0,90.0,6.83,AMOLED,FHD+,144,Corning Gorilla Glass 7i,5500,Var,90.0,1,50,1.0,4320p (Ultra HD) 8K,30 fps,32.0,8 Çekirdek,3,2.393.700 Puan,12.0,1,7.96,210.0,Fiberglass,Var,6.0,Var,Android,1.0,IPX8,MediaTek
14247.36,59.0,6.67,AMOLED,FHD+,120,Corning Gorilla Glass 5,5000,Var,67.0,0,200,1.0,1080p (Full HD),60 fps,16.0,8 Çekirdek,6,430.200 Puan,8.0,256,7.98,188.0,Cam,Yok,5.2,Var,Android,1.0,IPX4,MediaTek
,75.0,6.1,OLED,FHD+,120,Corning Ceramic Shield Glass,3200,Var,20.0,1,48,1.0,2160p (Ultra HD) 4K,60 fps,12.0,6 Çekirdek,4,1.432.800 Puan,6.0,128,7.85,206.0,Cam,Var,5.3,Var,iOS,1.0,IPX8,Apple
85595.0,90.0,6.9,Dynamic AMOLED,QHD+,120,Corning Gorilla Armor 2,5000,Var,45.0,1,200,1.0,4320p (Ultra HD) 8K,30 fps,12.0,8 Çekirdek,3,2.551.600 Puan,12.0,1,8.2,218.0,Cam,Var,5.4,Var,Android,1.0,IPX8,Qualcomm
,77.0,6.7,OLED,FHD+,120,Corning Ceramic Shield Glass,4323,Var,20.0,1,48,1.0,2160p (Ultra HD) 4K,60 fps,12.0,6 Çekirdek,4,1.761.400 Puan,6.0,128,7.85,240.0,Cam,Var,5.3,Var,iOS,1.0,IPX8,Apple
48699.9,88.0,6.67,AMOLED,QHD+,120,Poco Shield Glass,5300,Var,120.0,1,50,1.0,4320p (Ultra HD) 8K,24 fps,32.0,8 Çekirdek,3,2.634.300 Puan,16.0,512,8.39,212.0,Cam,Var,6.0,Var,Android,1.0,IPX8,Qualcomm
69998.11,92.0,6.85,AMOLED,FHD+,144,Corning Gorilla Glass,7500,Var,80.0,1,50,1.0,4320p (Ultra HD) 8K,30 fps,16.0,8 Çekirdek,3,3.229.800 Puan,16.0,512,8.9,230.0,Cam,Var,5.4,Var,Android,1.0,IPX8,Qualcomm
39999.0,68.0,6.1,Dynamic AMOLED,FHD+,120,Corning Gorilla Glass Victus+,3700,Var,25.0,1,50,1.0,4320p (Ultra HD) 8K,24 fps,10.0,8 Çekirdek,4,1.206.700 Puan,8.0,128,7.6,168.0,Cam,Var,5.2,Var,Android,1.0,IPX8,Qualcomm
1399.0,11.0,4.0,Super AMOLED,SD,60,,1500,Yok,,0,5,0.0,720p (HD),30 fps,0.3,2 Çekirdek,45,,1.0,8,9.9,120.0,,Yok,4.0,Yok,Android,0.0,,Other
90912.0,81.0,6.5,Dynamic AMOLED,FHD+,120,Corning Gorilla Glass Ceramic 2,4400,Var,25.0,1,200,1.0,4320p (Ultra HD) 8K,30 fps,10.0,8 Çekirdek,3,1.995.100 Puan,12.0,256,8.9,215.0,Cam,Var,5.4,Var,Android,1.0,IPX8,Qualcomm
53999.0,,6.83,AMOLED,FHD+,165,Corning Gorilla Glass 7i,7400,Var,80.0,0,50,1.0,2160p (Ultra HD) 4K,60 fps,32.0,8 Çekirdek,3,,12.0,512,8.3,215.0,,Var,6.0,Var,Android,1.0,IPX9K,Qualcomm
12095.04,54.0,6.67,AMOLED,FHD+,120,Corning Gorilla Glass 5,5500,Var,33.0,0,108,0.0,1080p (Full HD),60 fps,20.0,8 Çekirdek,6,443.500 Puan,8.0,128,8.16,196.5,Plastik (Cam Görünümlü),Yok,5.3,Var,Android,1.0,IPX4,MediaTek
28496.33,75.0,6.67,AMOLED,FHD+,144,Corning Gorilla Glass 5,5000,Var,67.0,0,50,1.0,2160p (Ultra HD) 4K,60 fps,32.0,8 Çekirdek,4,1.359.000 Puan,12.0,256,7.8,195.0,Plastik (Cam Görünümlü),Var,5.4,Var,Android,1.0,IPX8,MediaTek
29949.85,76.0,6.67,AMOLED,FHD+,144,Corning Gorilla Glass 5,5000,Var,120.0,0,50,1.0,4320p (Ultra HD) 8K,24 fps,20.0,8 Çekirdek,4,1.527.500 Puan,12.0,512,8.62,206.0,Cam | Kauçuk/Plastik (Deri Görünümlü),Var,5.4,Var,Android,1.0,IPX8,MediaTek
21500.0,57.0,6.7,AMOLED,FHD+,120,,5000,Var,67.0,0,100,1.0,2160p (Ultra HD) 4K,30 fps,16.0,8 Çekirdek,6,545.400 Puan,8.0,256,8.7,191.0,Kauçuk/Plastik (Deri Görünümlü),Var,5.2,Var,Android,0.0,,MediaTek
27999.0,67.0,6.79,AMOLED,FHD+,120,,7500,Var,66.0,0,108,1.0,2160p (Ultra HD) 4K,30 fps,16.0,8 Çekirdek,4,754.200 Puan,8.0,512,7.76,189.0,Plastik (Cam Görünümlü),Var,5.2,Var,Android,1.0,IPX9K,Qualcomm
14278.0,,6.77,AMOLED,FHD+,120,,6500,Var,90.0,0,50,0.0,1080p (Full HD),30 fps,32.0,8 Çekirdek,6,,8.0,256,7.59,194.0,,Yok,5.0,Var,Android,1.0,IPX5,Qualcomm
8799.0,49.0,6.72,IPS LCD,FHD+,90,,5000,Var,33.0,0,108,0.0,1080p (Full HD),30 fps,8.0,8 Çekirdek,6,314.800 Puan,8.0,256,7.59,185.0,Plastik (Cam Görünümlü),Yok,5.0,Var,Android,1.0,IPX4,Qualcomm
11979.5,,6.75,IPS LCD,HD+,120,,6000,Var,18.0,0,50,0.0,1440p (Quad HD) 2K,30 fps,5.0,8 Çekirdek,6,,8.0,256,8.14,199.0,,Var,5.4,Var,Android,1.0,IPX4,MediaTek
87799.0,83.0,6.3,OLED,FHD+,120,Corning Ceramic Shield Glass (Gen2),3692,Var,40.0,1,48,1.0,2160p (Ultra HD) 4K,60 fps,18.0,6 Çekirdek,3,2.542.200 Puan,8.0,512,7.95,177.0,Cam,Var,6.0,Var,iOS,1.0,IPX8,Apple
55824.0,77.0,6.8,OLED,FHD+,120,Kunlun Glass 2,5170,Var,100.0,1,50,1.0,2160p (Ultra HD) 4K,60 fps,13.0,8 Çekirdek,7,1.105.100 Puan,12.0,512,8.3,219.0,Cam,Yok,5.2,Var,Android,1.0,IPX9,HiSilicon Kirin
21293.56,66.0,6.67,AMOLED,FHD+,120,Corning Gorilla Glass Victus,5100,Var,67.0,0,200,1.0,2160p (Ultra HD) 4K,30 fps,16.0,8 Çekirdek,4,601.700 Puan,12.0,512,7.98,187.0,Cam,Var,5.2,Var,Android,1.0,IPX4,Qualcomm
24700.0,50.0,6.1,IPS LCD,HD+,60,,3110,Var,20.0,1,12,1.0,2160p (Ultra HD) 4K,60 fps,12.0,6 Çekirdek,7,950.700 Puan,4.0,64,8.3,194.0,Cam,Yok,5.0,Var,iOS,1.0,IPX8,Apple
67450.0,72.0,6.7,OLED,FHD+,60,Corning Ceramic Shield Glass,4383,Var,20.0,1,48,1.0,2160p (Ultra HD) 4K,60 fps,12.0,6 Çekirdek,4,1.417.400 Puan,6.0,128,7.8,201.0,Cam,Var,5.3,Var,iOS,1.0,IPX8,Apple
79999.0,70.0,6.1,OLED,FHD+,120,Corning Ceramic Shield Glass,3095,Var,20.0,1,12,1.0,2160p (Ultra HD) 4K,60 fps,12.0,6 Çekirdek,5,1.484.600 Puan,6.0,128,7.65,204.0,Cam,Var,5.0,Var,iOS,1.0,IPX8,Apple
85499.0,79.0,6.8,OLED,FHD+,120,Crystal Armour Kunlun Glass 2,5170,Var,100.0,1,50,1.0,2160p (Ultra HD) 4K,60 fps,13.0,8 Çekirdek,7,1.160.300 Puan,16.0,512,8.3,233.5,Cam,Yok,5.2,Var,Android,1.0,IPX9,HiSilicon Kirin
40201.29,74.0,6.7,Dynamic AMOLED,FHD+,120,Corning Gorilla Glass Victus 2,4000,Var,25.0,1,50,1.0,2160p (Ultra HD) 4K,60 fps,10.0,8 Çekirdek,4,1.511.600 Puan,12.0,256,6.9,187.0,Cam,Var,5.3,Var,Android,1.0,IPX8,Qualcomm
15499.0,62.0,6.7,AMOLED,FHD+,120,,5000,Var,67.0,0,50,1.0,2160p (Ultra HD) 4K,30 fps,16.0,8 Çekirdek,4,615.500 Puan,8.0,256,8.75,190.0,,Var,5.2,Var,Android,1.0,IPX5,Qualcomm
33399.0,,6.57,AMOLED,FHD+,120,,7000,Var,80.0,0,50,1.0,2160p (Ultra HD) 4K,30 fps,50.0,8 Çekirdek,4,,12.0,256,8.27,202.0,,Var,5.1,Var,Android,1.0,IPX9,Qualcomm
26131.01,65.0,6.57,AMOLED,FHD+,120,AGC Dragontrail DT-STAR D+,6000,Var,45.0,0,50,1.0,2160p (Ultra HD) 4K,30 fps,32.0,8 Çekirdek,4,677.736 Puan,12.0,256,7.78,180.0,,Var,5.1,Var,Android,1.0,IPX9,Qualcomm
23000.0,63.0,6.6,Super AMOLED,FHD+,120,Corning Gorilla Glass Victus+,5000,Var,25.0,0,50,1.0,2160p (Ultra HD) 4K,30 fps,32.0,8 Çekirdek,4,740.800 Puan,8.0,128,8.2,213.0,Cam,Var,5.3,Var,Android,1.0,IPX7,Samsung Exynos
18914.03,61.0,6.4,Super AMOLED,FHD+,120,Corning Gorilla Glass 5,5000,Var,25.0,0,50,1.0,2160p (Ultra HD) 4K,30 fps,32.0,8 Çekirdek,5,623.500 Puan,8.0,128,8.2,202.0,Cam,Var,5.3,Var,Android,1.0,IPX7,Samsung Exynos
27999.0,70.0,6.55,AMOLED,FHD+,120,,6000,Var,80.0,0,200,1.0,2160p (Ultra HD) 4K,30 fps,50.0,8 Çekirdek,4,848.100 Puan,12.0,512,7.3,184.0,,Var,5.4,Var,Android,1.0,IPX6,Qualcomm
74899.0,79.0,6.7,OLED,FHD+,60,Corning Ceramic Shield Glass (Gen2),4674,Var,30.0,1,48,1.0,2160p (Ultra HD) 4K,60 fps,12.0,6 Çekirdek,3,1.572.700 Puan,8.0,256,7.8,199.0,Cam,Var,5.3,Var,iOS,1.0,IPX8,Apple
42999.0,85.0,6.59,AMOLED,FHD+,120,Corning Gorilla Glass 7i,6210,Var,100.0,0,50,1.0,4320p (Ultra HD) 8K,30 fps,20.0,8 Çekirdek,3,,12.0,512,8.0,199.0,,Var,5.4,Var,Android,1.0,IPX8,Qualcomm
58499.03,76.0,6.9,Dynamic AMOLED,FHD+,120,Corning Gorilla Glass Victus 2,4300,Var,25.0,1,50,1.0,2160p (Ultra HD) 4K,60 fps,10.0,10 Çekirdek,3,1.943.900 Puan,12.0,256,6.5,188.0,Cam,Var,5.4,Var,Android,1.0,IPX8,Samsung Exynos
12799.0,52.0,6.7,Super AMOLED,FHD+,90,,5000,Var,25.0,0,50,0.0,1080p (Full HD),30 fps,13.0,8 Çekirdek,5,435.900 Puan,8.0,256,7.9,200.0,Plastik (Cam Görünümlü),Var,5.3,Var,Android,1.0,IPX4,Samsung Exynos
17133.51,61.0,6.6,Super AMOLED,FHD+,120,Corning Gorilla Glass Victus+,5000,Var,25.0,0,50,1.0,2160p (Ultra HD) 4K,30 fps,13.0,8 Çekirdek,5,612.100 Puan,8.0,128,8.2,209.0,Cam,Var,5.3,Var,Android,1.0,IPX7,Samsung Exynos
66468.25,88.0,6.73,AMOLED,QHD+,120,Xiaomi Shield Glass,5000,Var,90.0,1,50,1.0,4320p (Ultra HD) 8K,30 fps,32.0,8 Çekirdek,4,2.114.700 Puan,16.0,512,9.2,219.8,Cam | Kauçuk/Plastik (Deri Görünümlü),Var,5.4,Var,Android,1.0,IPX8,Qualcomm
38199.04,69.0,6.9,Dynamic AMOLED,QHD+,120,Corning Gorilla Glass Victus,4500,Var,25.0,1,108,1.0,4320p (Ultra HD) 8K,24 fps,10.0,8 Çekirdek,7,,8.0,256,8.1,208.0,Cam,Yok,5.0,Var,Android,1.0,IPX8,Samsung Exynos
44999.0,71.0,6.1,Dynamic AMOLED,FHD+,120,Corning Gorilla Glass Victus 2,3900,Var,25.0,1,50,1.0,4320p (Ultra HD) 8K,30 fps,12.0,8 Çekirdek,4,1.524.200 Puan,8.0,128,7.6,168.0,Cam,Var,5.3,Var,Android,1.0,IPX8,Qualcomm
9976.05,52.0,6.7,AMOLED,FHD+,120,Corning Gorilla Glass 5,5000,Var,33.0,0,50,0.0,1440p (Quad HD) 2K,30 fps,16.0,8 Çekirdek,6,415.200 Puan,8.0,256,7.96,188.0,Cam,Yok,5.2,Var,Android,0.0,,MediaTek
24490.56,71.0,6.67,AMOLED,FHD+,144,Corning Gorilla Glass 5,5000,Var,67.0,0,50,1.0,2160p (Ultra HD) 4K,30 fps,20.0,8 Çekirdek,4,934.100 Puan,12.0,256,8.62,197.0,Cam | Kauçuk/Plastik (Deri Görünümlü),Var,5.4,Var,Android,1.0,IPX8,MediaTek
93000.0,82.0,6.5,Dynamic AMOLED,FHD+,120,Corning Gorilla Glass Ceramic 2,4400,Var,25.0,1,200,1.0,4320p (Ultra HD) 8K,30 fps,10.0,8 Çekirdek,3,1.995.100 Puan,12.0,512,8.9,215.0,Cam,Var,5.4,Var,Android,1.0,IPX8,Qualcomm
9499.0,49.0,6.72,IPS LCD,FHD+,90,ArmorShell Tempered Glass,5828,Var,45.0,0,50,0.0,1080p (Full HD),30 fps,8.0,8 Çekirdek,12,279.100 Puan,8.0,128,7.99,196.0,Plastik (Cam Görünümlü),Yok,5.0,Var,Android,1.0,IPX9,MediaTek
6704.64,40.0,6.3,IPS LCD,FHD+,60,Corning Gorilla Glass 5,4000,Var,18.0,0,48,0.0,2160p (Ultra HD) 4K,30 fps,13.0,8 Çekirdek,11,250.300 Puan,4.0,64,8.35,190.0,Cam,Yok,4.2,Yok,Android,1.0,Sadece Sıçramalara Karşı,Qualcomm
55347.05,83.0,6.7,Dynamic AMOLED,QHD+,120,Corning Gorilla Glass Ceramic 2,3900,Var,25.0,1,200,1.0,4320p (Ultra HD) 8K,30 fps,12.0,8 Çekirdek,3,2.161.200 Puan,12.0,512,5.8,163.0,Cam,Var,5.4,Var,Android,1.0,IPX8,Qualcomm
33902.5,73.0,6.1,Dynamic AMOLED,FHD+,120,Corning Gorilla Glass Victus 2,3900,Var,25.0,1,50,1.0,4320p (Ultra HD) 8K,30 fps,12.0,8 Çekirdek,4,1.591.500 Puan,8.0,256,7.6,168.0,Cam,Var,5.3,Var,Android,1.0,IPX8,Qualcomm
23789.0,65.0,6.78,AMOLED,FHD+,144,Corning Gorilla Glass 7i,5200,Var,45.0,0,50,1.0,2160p (Ultra HD) 4K,30 fps,50.0,8 Çekirdek,4,733.500 Puan,12.0,256,7.29,178.0,,Var,5.4,Var,Android,1.0,IPX9,MediaTek
39900.0,75.0,6.7,Dynamic AMOLED,FHD+,120,Corning Gorilla Glass Victus+,4900,Var,45.0,1,50,1.0,4320p (Ultra HD) 8K,30 fps,12.0,10 Çekirdek,4,1.810.600 Puan,8.0,512,7.4,190.0,Cam,Var,5.4,Var,Android,1.0,IPX8,Samsung Exynos
12799.0,,6.78,AMOLED,FHD+,144,Corning Gorilla Glass 7i,5200,Var,45.0,0,50,0.0,1440p (Quad HD) 2K,30 fps,13.0,8 Çekirdek,6,446.000 Puan,8.0,256,6.69,170.0,Plastik (Cam Görünümlü),Yok,5.4,Var,Android,1.0,IPX4,MediaTek
17879.04,65.0,6.67,AMOLED,FHD+,120,Corning Gorilla Glass 5,5000,Var,67.0,0,64,1.0,2160p (Ultra HD) 4K,30 fps,16.0,8 Çekirdek,4,1.134.500 Puan,12.0,256,7.9,181.0,Plastik (Cam Görünümlü),Var,5.3,Var,Android,1.0,IPX3,Qualcomm
22847.34,71.0,6.67,AMOLED,FHD+,120,Corning Gorilla Glass Victus,5000,Var,90.0,0,50,1.0,2160p (Ultra HD) 4K,60 fps,20.0,8 Çekirdek,4,1.510.100 Puan,12.0,512,7.8,179.0,Plastik (Cam Görünümlü),Var,5.4,Var,Android,1.0,IPX4,Qualcomm
17879.04,65.0,6.67,AMOLED,FHD+,120,Corning Gorilla Glass 5,5000,Var,67.0,0,64,1.0,2160p (Ultra HD) 4K,30 fps,16.0,8 Çekirdek,4,1.134.500 Puan,12.0,256,7.9,181.0,Plastik (Cam Görünümlü),Var,5.3,Var,Android,1.0,IPX3,Qualcomm
22847.34,71.0,6.67,AMOLED,FHD+,120,Corning Gorilla Glass Victus,5000,Var,90.0,0,50,1.0,2160p (Ultra HD) 4K,60 fps,20.0,8 Çekirdek,4,1.510.100 Puan,12.0,512,7.8,179.0,Plastik (Cam Görünümlü),Var,5.4,Var,Android,1.0,IPX4,Qualcomm
29330.88,67.0,6.4,Dynamic AMOLED,FHD+,120,Corning Gorilla Glass 5,4500,Var,25.0,1,50,1.0,4320p (Ultra HD) 8K,24 fps,10.0,8 Çekirdek,4,1.257.500 Puan,8.0,128,8.2,209.0,Cam,Var,5.3,Var,Android,1.0,IPX8,Samsung Exynos
12271.25,51.0,6.9,IPS LCD,HD+,120,,6000,Var,33.0,0,50,0.0,1080p (Full HD),30 fps,8.0,8 Çekirdek,6,419.900 Puan,8.0,256,8.2,211.0,Plastik (Cam Görünümlü),Var,5.4,Var,Android,1.0,IPX4,MediaTek
39883.75,82.0,6.67,AMOLED,FHD+,144,Xiaomi Longjing Glass,5000,Var,120.0,1,50,1.0,4320p (Ultra HD) 8K,30 fps,32.0,8 Çekirdek,4,2.017.000 Puan,12.0,256,8.39,209.0,Cam,Var,5.4,Var,Android,1.0,IPX8,MediaTek
,77.0,6.78,AMOLED,FHD+,120,,5200,Var,100.0,1,50,1.0,2160p (Ultra HD) 4K,60 fps,50.0,8 Çekirdek,4,1.281.700 Puan,12.0,512,8.2,199.0,Cam,Var,5.3,Var,Android,1.0,IPX5,Qualcomm
,64.0,6.4,Dynamic AMOLED,QHD+,60,Corning Gorilla Glass 6,4100,Var,15.0,1,12,1.0,2160p (Ultra HD) 4K,60 fps,10.0,8 Çekirdek,8,643.700 Puan,8.0,128,7.8,175.0,Cam,Yok,5.0,Var,Android,1.0,IPX8,Samsung Exynos
65999.0,96.0,6.85,AMOLED,FHD+,144,,7200,Var,80.0,1,50,1.0,4320p (Ultra HD) 8K,30 fps,16.0,8 Çekirdek,3,2.941.800 Puan,16.0,1,8.6,227.0,Cam,Var,6.0,Var,Android,1.0,IPX9,Qualcomm
161314.45,93.0,6.9,OLED,FHD+,120,Corning Ceramic Shield Glass (Gen2),4832,Var,40.0,1,48,1.0,2160p (Ultra HD) 4K,60 fps,18.0,6 Çekirdek,3,2.697.900 Puan,12.0,2,8.75,231.0,Cam,Var,6.0,Var,iOS,1.0,IPX8,Apple
10580.16,,6.67,IPS LCD,HD+,120,,5200,Var,45.0,0,50,0.0,,,8.0,8 Çekirdek,12,,8.0,256,7.67,188.0,,Yok,5.4,Var,Android,1.0,IPX4,MediaTek
14749.0,58.0,6.78,AMOLED,FHD+,120,,5200,Var,45.0,0,50,1.0,1440p (Quad HD) 2K,30 fps,32.0,8 Çekirdek,6,432.400 Puan,8.0,256,7.34,177.0,,Yok,5.4,Var,Android,1.0,IPX6,MediaTek
31999.0,79.0,6.73,AMOLED,QHD+,120,Corning Gorilla Glass Victus,4820,Var,120.0,1,50,1.0,4320p (Ultra HD) 8K,24 fps,32.0,8 Çekirdek,4,1.559.800 Puan,12.0,256,8.38,229.0,,Var,5.3,Var,Android,1.0,IPX8,Qualcomm
9199.0,46.0,6.9,IPS LCD,HD+,120,,6000,Var,33.0,0,50,0.0,1080p (Full HD),30 fps,8.0,8 Çekirdek,12,264.000 Puan,6.0,128,7.99,205.0,,Yok,5.4,Var,Android,1.0,IPX4,MediaTek
34199.0,,6.77,AMOLED,FHD+,120,Vivo Diamond Shield Glass,6500,Var,90.0,0,50,1.0,2160p (Ultra HD) 4K,30 fps,50.0,8 Çekirdek,4,,12.0,256,7.75,200.0,Cam | Plastik (Cam Görünümlü),Var,5.4,Var,Android,1.0,IPX9,Qualcomm
6799.0,41.0,6.74,IPS LCD,HD+,90,,5500,Var,15.0,0,13,0.0,1080p (Full HD),30 fps,5.0,8 Çekirdek,12,248.100 Puan,4.0,128,8.19,199.0,Plastik (Cam Görünümlü),Yok,5.4,Yok,Android,1.0,IPX4,Unisoc
31515.0,72.0,6.7,Dynamic AMOLED,FHD+,120,Corning Gorilla Glass Victus+,4700,Var,25.0,1,50,1.0,4320p (Ultra HD) 8K,30 fps,10.0,10 Çekirdek,4,1.788.500 Puan,8.0,128,8.0,213.0,Cam,Var,5.3,Var,Android,1.0,IPX8,Samsung Exynos
12890.2,53.0,6.67,Super AMOLED,FHD+,120,Dragontrail Pro,5000,Var,33.0,0,50,0.0,2160p (Ultra HD) 4K,30 fps,16.0,8 Çekirdek,4,646.600 Puan,8.0,128,9.0,197.0,Plastik,Var,5.3,Yok,Android,1.0,IPX2,MediaTek
28649.04,61.0,6.7,Super AMOLED,FHD+,120,Corning Gorilla Glass 5,5000,Var,25.0,0,108,1.0,2160p (Ultra HD) 4K,30 fps,32.0,8 Çekirdek,6,,8.0,128,7.6,181.0,,Var,5.0,Var,Android,1.0,IPX7,Qualcomm
28795.98,,6.83,AMOLED,FHD+,120,Corning Gorilla Glass Victus 2,6500,Var,100.0,0,50,1.0,2160p (Ultra HD) 4K,30 fps,32.0,8 Çekirdek,4,837.700 Puan,12.0,512,8.31,205.9,,Var,5.4,Var,Android,1.0,IPX9K,Qualcomm
24999.0,64.0,6.77,AMOLED,FHD+,120,Panda Glass,5000,Var,50.0,0,50,1.0,2160p (Ultra HD) 4K,30 fps,32.0,8 Çekirdek,4,770.100 Puan,12.0,256,8.35,201.0,Cam,Var,5.4,Var,Android,1.0,IPX4,Qualcomm
98868.26,79.0,6.7,OLED,FHD+,120,Corning Ceramic Shield Glass,4323,Var,20.0,1,48,1.0,2160p (Ultra HD) 4K,60 fps,12.0,6 Çekirdek,4,1.761.400 Puan,6.0,256,7.85,240.0,Cam,Var,5.3,Var,iOS,1.0,IPX8,Apple
,72.0,6.7,OLED,FHD+,120,Corning Ceramic Shield Glass,4352,Var,20.0,1,12,1.0,2160p (Ultra HD) 4K,60 fps,12.0,6 Çekirdek,5,1.438.500 Puan,6.0,128,7.65,240.0,Cam,Var,5.0,Var,iOS,1.0,IPX8,Apple
,37.0,6.3,IPS LCD,FHD+,60,,3750,Var,18.0,0,20,0.0,1080p (Full HD),60 fps,24.0,8 Çekirdek,12,229.700 Puan,4.0,64,7.6,172.0,Cam,Yok,4.2,Var,Android,0.0,,HiSilicon Kirin
16232.35,61.0,6.6,Super AMOLED,FHD+,120,Corning Gorilla Glass 5,5000,Var,25.0,0,48,1.0,2160p (Ultra HD) 4K,30 fps,13.0,8 Çekirdek,6,560.100 Puan,8.0,256,8.2,199.0,Plastik (Cam Görünümlü),Var,5.3,Var,Android,1.0,IPX7,MediaTek
10699.0,,6.67,IPS LCD,HD+,90,,6000,Var,45.0,0,50,0.0,1080p (Full HD),30 fps,5.0,8 Çekirdek,11,,8.0,256,7.99,193.0,,Yok,5.0,Var,Android,1.0,IPX5,Qualcomm
14800.0,63.0,6.78,AMOLED,FHD+,144,Corning Gorilla Glass 5,5000,Var,68.0,0,108,1.0,2160p (Ultra HD) 4K,60 fps,50.0,8 Çekirdek,6,774.700 Puan,8.0,256,7.9,185.0,Cam,Var,,Var,Android,1.0,IPX3,MediaTek
24999.0,,6.77,AMOLED,FHD+,120,,6500,Var,90.0,0,50,0.0,2160p (Ultra HD) 4K,30 fps,32.0,8 Çekirdek,4,,12.0,256,7.69,194.0,,Var,5.4,Var,Android,1.0,IPX5,MediaTek
26520.96,63.0,6.5,Super AMOLED,FHD+,120,Corning Gorilla Glass 3,4500,Var,25.0,1,12,1.0,2160p (Ultra HD) 4K,60 fps,32.0,8 Çekirdek,7,802.900 Puan,6.0,128,8.4,190.0,Polimer (Cam Görünümlü),Yok,5.0,Var,Android,1.0,IPX8,Qualcomm
,24.0,5.5,TFT LCD,FHD,60,Corning Gorilla Glass 4,3300,Yok,,0,13,0.0,1080p (Full HD),30 fps,8.0,8 Çekirdek,14,,3.0,16,8.0,167.0,Metal,Yok,4.1,Yok,Android,0.0,,Samsung Exynos
139999.0,93.0,6.9,OLED,FHD+,120,Corning Ceramic Shield Glass (Gen2),4832,Var,40.0,1,48,1.0,2160p (Ultra HD) 4K,60 fps,18.0,6 Çekirdek,3,2.697.900 Puan,12.0,1,8.75,231.0,Cam,Var,6.0,Var,iOS,1.0,IPX8,Apple
36286.2,77.0,6.83,AMOLED,FHD+,120,Corning Gorilla Glass 7i,6500,Var,90.0,0,50,1.0,2160p (Ultra HD) 4K,60 fps,20.0,8 Çekirdek,4,2.024.800 Puan,12.0,256,8.2,215.7,Cam,Var,6.0,Var,Android,1.0,IPX8,Qualcomm
12271.25,51.0,6.9,IPS LCD,HD+,120,,6000,Var,33.0,0,50,0.0,1080p (Full HD),30 fps,8.0,8 Çekirdek,6,419.900 Puan,8.0,256,8.2,211.0,Plastik (Cam Görünümlü),Var,5.4,Var,Android,1.0,IPX4,MediaTek
39883.75,82.0,6.67,AMOLED,FHD+,144,Xiaomi Longjing Glass,5000,Var,120.0,1,50,1.0,4320p (Ultra HD) 8K,30 fps,32.0,8 Çekirdek,4,2.017.000 Puan,12.0,256,8.39,209.0,Cam,Var,5.4,Var,Android,1.0,IPX8,MediaTek
,77.0,6.78,AMOLED,FHD+,120,,5200,Var,100.0,1,50,1.0,2160p (Ultra HD) 4K,60 fps,50.0,8 Çekirdek,4,1.281.700 Puan,12.0,512,8.2,199.0,Cam,Var,5.3,Var,Android,1.0,IPX5,Qualcomm
,58.0,6.5,OLED,FHD+,60,,3969,Var,18.0,1,12,1.0,2160p (Ultra HD) 4K,60 fps,12.0,6 Çekirdek,7,,4.0,64,8.1,226.0,Cam,Yok,5.0,Var,iOS,1.0,IPX8,Apple
,64.0,6.4,Dynamic AMOLED,QHD+,60,Corning Gorilla Glass 6,4100,Var,15.0,1,12,1.0,2160p (Ultra HD) 4K,60 fps,10.0,8 Çekirdek,8,643.700 Puan,8.0,128,7.8,175.0,Cam,Yok,5.0,Var,Android,1.0,IPX8,Samsung Exynos
65999.0,96.0,6.85,AMOLED,FHD+,144,,7200,Var,80.0,1,50,1.0,4320p (Ultra HD) 8K,30 fps,16.0,8 Çekirdek,3,2.941.800 Puan,16.0,1,8.6,227.0,Cam,Var,6.0,Var,Android,1.0,IPX9,Qualcomm
161314.45,93.0,6.9,OLED,FHD+,120,Corning Ceramic Shield Glass (Gen2),4832,Var,40.0,1,48,1.0,2160p (Ultra HD) 4K,60 fps,18.0,6 Çekirdek,3,2.697.900 Puan,12.0,2,8.75,231.0,Cam,Var,6.0,Var,iOS,1.0,IPX8,Apple
10580.16,,6.67,IPS LCD,HD+,120,,5200,Var,45.0,0,50,0.0,,,8.0,8 Çekirdek,12,,8.0,256,7.67,188.0,,Yok,5.4,Var,Android,1.0,IPX4,MediaTek
14749.0,58.0,6.78,AMOLED,FHD+,120,,5200,Var,45.0,0,50,1.0,1440p (Quad HD) 2K,30 fps,32.0,8 Çekirdek,6,432.400 Puan,8.0,256,7.34,177.0,,Yok,5.4,Var,Android,1.0,IPX6,MediaTek
31999.0,79.0,6.73,AMOLED,QHD+,120,Corning Gorilla Glass Victus,4820,Var,120.0,1,50,1.0,4320p (Ultra HD) 8K,24 fps,32.0,8 Çekirdek,4,1.559.800 Puan,12.0,256,8.38,229.0,,Var,5.3,Var,Android,1.0,IPX8,Qualcomm
12175.88,37.0,6.5,PLS,HD+,60,,5000,Var,15.0,0,48,0.0,1080p (Full HD),30 fps,13.0,8 Çekirdek,8,,4.0,64,8.9,192.0,Plastik (Cam Görünümlü),Yok,5.0,Var,Android,0.0,,Samsung Exynos
9199.0,46.0,6.9,IPS LCD,HD+,120,,6000,Var,33.0,0,50,0.0,1080p (Full HD),30 fps,8.0,8 Çekirdek,12,264.000 Puan,6.0,128,7.99,205.0,,Yok,5.4,Var,Android,1.0,IPX4,MediaTek
34199.0,,6.77,AMOLED,FHD+,120,Vivo Diamond Shield Glass,6500,Var,90.0,0,50,1.0,2160p (Ultra HD) 4K,30 fps,50.0,8 Çekirdek,4,,12.0,256,7.75,200.0,Cam | Plastik (Cam Görünümlü),Var,5.4,Var,Android,1.0,IPX9,Qualcomm
6799.0,41.0,6.74,IPS LCD,HD+,90,,5500,Var,15.0,0,13,0.0,1080p (Full HD),30 fps,5.0,8 Çekirdek,12,248.100 Puan,4.0,128,8.19,199.0,Plastik (Cam Görünümlü),Yok,5.4,Yok,Android,1.0,IPX4,Unisoc
31515.0,72.0,6.7,Dynamic AMOLED,FHD+,120,Corning Gorilla Glass Victus+,4700,Var,25.0,1,50,1.0,4320p (Ultra HD) 8K,30 fps,10.0,10 Çekirdek,4,1.788.500 Puan,8.0,128,8.0,213.0,Cam,Var,5.3,Var,Android,1.0,IPX8,Samsung Exynos
12890.2,53.0,6.67,Super AMOLED,FHD+,120,Dragontrail Pro,5000,Var,33.0,0,50,0.0,2160p (Ultra HD) 4K,30 fps,16.0,8 Çekirdek,4,646.600 Puan,8.0,128,9.0,197.0,Plastik,Var,5.3,Yok,Android,1.0,IPX2,MediaTek
28649.04,61.0,6.7,Super AMOLED,FHD+,120,Corning Gorilla Glass 5,5000,Var,25.0,0,108,1.0,2160p (Ultra HD) 4K,30 fps,32.0,8 Çekirdek,6,,8.0,128,7.6,181.0,,Var,5.0,Var,Android,1.0,IPX7,Qualcomm
28795.98,,6.83,AMOLED,FHD+,120,Corning Gorilla Glass Victus 2,6500,Var,100.0,0,50,1.0,2160p (Ultra HD) 4K,30 fps,32.0,8 Çekirdek,4,837.700 Puan,12.0,512,8.31,205.9,,Var,5.4,Var,Android,1.0,IPX9K,Qualcomm
24999.0,64.0,6.77,AMOLED,FHD+,120,Panda Glass,5000,Var,50.0,0,50,1.0,2160p (Ultra HD) 4K,30 fps,32.0,8 Çekirdek,4,770.100 Puan,12.0,256,8.35,201.0,Cam,Var,5.4,Var,Android,1.0,IPX4,Qualcomm
98868.26,79.0,6.7,OLED,FHD+,120,Corning Ceramic Shield Glass,4323,Var,20.0,1,48,1.0,2160p (Ultra HD) 4K,60 fps,12.0,6 Çekirdek,4,1.761.400 Puan,6.0,256,7.85,240.0,Cam,Var,5.3,Var,iOS,1.0,IPX8,Apple
,72.0,6.7,OLED,FHD+,120,Corning Ceramic Shield Glass,4352,Var,20.0,1,12,1.0,2160p (Ultra HD) 4K,60 fps,12.0,6 Çekirdek,5,1.438.500 Puan,6.0,128,7.65,240.0,Cam,Var,5.0,Var,iOS,1.0,IPX8,Apple
,74.0,6.8,Dynamic AMOLED,QHD+,120,Corning Gorilla Glass Victus,5000,Var,25.0,1,108,1.0,4320p (Ultra HD) 8K,24 fps,40.0,8 Çekirdek,5,986.700 Puan,12.0,256,8.9,229.0,Cam,Var,5.2,Var,Android,1.0,IPX8,Samsung Exynos
,58.0,5.4,OLED,FHD+,60,Corning Ceramic Shield Glass,2227,Var,20.0,1,12,1.0,2160p (Ultra HD) 4K,60 fps,12.0,6 Çekirdek,5,1.113.100 Puan,4.0,64,7.4,135.0,Cam,Var,5.0,Var,iOS,1.0,IPX8,Apple
,37.0,6.3,IPS LCD,FHD+,60,,3750,Var,18.0,0,20,0.0,1080p (Full HD),60 fps,24.0,8 Çekirdek,12,229.700 Puan,4.0,64,7.6,172.0,Cam,Yok,4.2,Var,Android,0.0,,HiSilicon Kirin
16232.35,61.0,6.6,Super AMOLED,FHD+,120,Corning Gorilla Glass 5,5000,Var,25.0,0,48,1.0,2160p (Ultra HD) 4K,30 fps,13.0,8 Çekirdek,6,560.100 Puan,8.0,256,8.2,199.0,Plastik (Cam Görünümlü),Var,5.3,Var,Android,1.0,IPX7,MediaTek
,50.0,6.4,Super AMOLED,FHD+,60,Corning Gorilla Glass 3,6000,Var,15.0,0,64,0.0,2160p (Ultra HD) 4K,30 fps,32.0,8 Çekirdek,10,313.400 Puan,6.0,128,8.9,191.0,Polikarbonat,Yok,5.0,Var,Android,0.0,,Samsung Exynos
12360.75,53.0,6.47,AMOLED,FHD+,60,Corning Gorilla Glass 5,5260,Var,30.0,0,108,1.0,2160p (Ultra HD) 4K,30 fps,32.0,8 Çekirdek,8,370.700 Puan,6.0,128,9.67,208.0,Cam,Yok,5.0,Var,Android,0.0,,Qualcomm
10699.0,,6.67,IPS LCD,HD+,90,,6000,Var,45.0,0,50,0.0,1080p (Full HD),30 fps,5.0,8 Çekirdek,11,,8.0,256,7.99,193.0,,Yok,5.0,Var,Android,1.0,IPX5,Qualcomm
14800.0,63.0,6.78,AMOLED,FHD+,144,Corning Gorilla Glass 5,5000,Var,68.0,0,108,1.0,2160p (Ultra HD) 4K,60 fps,50.0,8 Çekirdek,6,774.700 Puan,8.0,256,7.9,185.0,Cam,Var,,Var,Android,1.0,IPX3,MediaTek
11220.98,36.0,6.5,PLS,HD+,60,,5000,Var,15.0,0,48,0.0,1080p (Full HD),30 fps,8.0,8 Çekirdek,12,152.800 Puan,4.0,64,8.9,205.0,Plastik,Yok,5.0,Yok,Android,0.0,,MediaTek
,54.0,6.7,Super AMOLED,FHD+,60,Corning Gorilla Glass 3,4500,Var,25.0,0,12,1.0,2160p (Ultra HD) 4K,60 fps,32.0,8 Çekirdek,10,,8.0,128,8.7,199.0,Plastik (Cam Görünümlü),Yok,5.0,Var,Android,0.0,,Samsung Exynos
26009.0,67.0,6.78,AMOLED,FHD+,144,,5000,Var,70.0,0,50,1.0,2160p (Ultra HD) 4K,60 fps,50.0,8 Çekirdek,4,937.100 Puan,12.0,512,7.68,187.0,,Var,5.3,Var,Android,,,MediaTek
37498.99,71.0,6.74,OLED,FHD+,120,,4700,Var,66.0,1,50,1.0,2160p (Ultra HD) 4K,60 fps,13.0,8 Çekirdek,4,1.255.000 Puan,8.0,256,8.5,209.0,,Yok,5.2,Var,Android,1.0,IPX8,Qualcomm
9995.5,52.0,6.67,IPS LCD,FHD+,120,Corning Gorilla Glass 5,5160,Var,33.0,0,64,0.0,2160p (Ultra HD) 4K,30 fps,20.0,8 Çekirdek,8,403.800 Puan,6.0,128,9.4,215.0,Plastik (Cam Görünümlü),Yok,5.1,Var,Android,1.0,IPX3,Qualcomm
29875.0,63.0,6.7,AMOLED,FHD+,120,,5000,Var,67.0,0,50,1.0,2160p (Ultra HD) 4K,30 fps,32.0,8 Çekirdek,4,644.700 Puan,8.0,256,8.75,196.0,,Var,5.2,Var,Android,1.0,IPX5,Qualcomm
18145.0,58.0,6.4,Super AMOLED,FHD+,90,Corning Gorilla Glass 5,5000,Var,25.0,0,48,1.0,2160p (Ultra HD) 4K,30 fps,13.0,8 Çekirdek,5,450.500 Puan,6.0,128,8.1,186.0,Plastik (Cam Görünümlü),Var,5.1,Var,Android,1.0,IPX7,Samsung Exynos
29499.0,43.0,6.1,IPS LCD,HD+,60,,2942,Var,15.0,1,12,1.0,2160p (Ultra HD) 4K,60 fps,7.0,6 Çekirdek,7,736.800 Puan,3.0,64,8.3,194.0,Cam,Yok,5.0,Var,iOS,1.0,IPX7,Apple
14278.0,,6.77,AMOLED,FHD+,120,,6500,Var,90.0,0,50,0.0,1080p (Full HD),30 fps,32.0,8 Çekirdek,6,,8.0,256,7.59,194.0,,Yok,5.0,Var,Android,1.0,IPX5,Qualcomm
8021.05,47.0,6.67,IPS LCD,FHD+,60,Corning Gorilla Glass 5,5020,Var,30.0,0,64,0.0,2160p (Ultra HD) 4K,30 fps,16.0,8 Çekirdek,8,402.600 Puan,6.0,64,8.8,209.0,Cam,Yok,5.0,Var,Android,1.0,Sadece Sıçramalara Karşı (P2i),Qualcomm
8784.13,49.0,6.67,IPS LCD,FHD+,60,Corning Gorilla Glass 5,5020,Var,30.0,0,64,0.0,2160p (Ultra HD) 4K,30 fps,16.0,8 Çekirdek,8,402.600 Puan,6.0,128,8.8,209.0,Cam,Yok,5.0,Var,Android,1.0,Sadece Sıçramalara Karşı (P2i),Qualcomm
,51.0,6.7,Super AMOLED,FHD+,60,Corning Gorilla Glass 3,4500,Var,25.0,0,64,0.0,2160p (Ultra HD) 4K,30 fps,32.0,8 Çekirdek,8,380.800 Puan,8.0,128,7.7,179.0,Plastik (Cam Görünümlü),Yok,5.0,Var,Android,0.0,,Qualcomm
30907.68,72.0,6.67,AMOLED,QHD+,120,Corning Gorilla Glass 5,5000,Var,120.0,0,50,1.0,4320p (Ultra HD) 8K,24 fps,16.0,8 Çekirdek,4,1.538.700 Puan,12.0,512,8.21,209.0,Cam,Var,5.3,Var,Android,1.0,IPX3,Qualcomm
52499.0,66.0,6.1,OLED,FHD+,60,Corning Ceramic Shield Glass,3227,Var,20.0,1,12,1.0,2160p (Ultra HD) 4K,60 fps,12.0,6 Çekirdek,5,1.550.800 Puan,4.0,256,7.65,174.0,Cam,Var,5.0,Var,iOS,1.0,IPX8,Apple
11979.5,,6.75,IPS LCD,HD+,120,,6000,Var,18.0,0,50,0.0,1440p (Quad HD) 2K,30 fps,5.0,8 Çekirdek,6,,8.0,256,8.14,199.0,,Var,5.4,Var,Android,1.0,IPX4,MediaTek
87799.0,83.0,6.3,OLED,FHD+,120,Corning Ceramic Shield Glass (Gen2),3692,Var,40.0,1,48,1.0,2160p (Ultra HD) 4K,60 fps,18.0,6 Çekirdek,3,2.542.200 Puan,8.0,512,7.95,177.0,Cam,Var,6.0,Var,iOS,1.0,IPX8,Apple
7719.04,,6.51,IPS LCD,HD+,60,,5000,Yok,,0,48,,1080p (Full HD),30 fps,24.0,8 Çekirdek,12,274.900 Puan,8.0,256,9.0,,,Yok,5.0,,Android,0.0,,Unisoc
6911.04,,6.74,,HD+,60,,4000,Yok,,0,64,0.0,1080p (Full HD),30 fps,16.0,8 Çekirdek,12,248.300 Puan,8.0,128,,,,Yok,5.0,Yok,Android,0.0,,Unisoc
,67.0,6.7,OLED,FHD+,60,Corning Ceramic Shield Glass,3687,Var,20.0,1,12,1.0,2160p (Ultra HD) 4K,60 fps,12.0,6 Çekirdek,5,1.278.900 Puan,6.0,128,7.4,228.0,Cam,Var,5.0,Var,iOS,1.0,IPX8,Apple
17499.0,60.0,6.78,AMOLED,FHD+,120,,5000,Var,70.0,0,50,1.0,1440p (Quad HD) 2K,30 fps,50.0,8 Çekirdek,6,506.700 Puan,12.0,512,7.83,190.0,,Var,5.3,Var,Android,1.0,IPX4,MediaTek
14799.0,49.0,6.5,Super AMOLED,FHD+,90,,5000,Var,25.0,0,50,1.0,1080p (Full HD),30 fps,13.0,8 Çekirdek,6,402.900 Puan,6.0,128,8.3,195.0,Plastik (Cam Görünümlü),Yok,5.3,Var,Android,0.0,,MediaTek
55824.0,77.0,6.8,OLED,FHD+,120,Kunlun Glass 2,5170,Var,100.0,1,50,1.0,2160p (Ultra HD) 4K,60 fps,13.0,8 Çekirdek,7,1.105.100 Puan,12.0,512,8.3,219.0,Cam,Yok,5.2,Var,Android,1.0,IPX9,HiSilicon Kirin
69349.05,73.0,6.7,OLED,FHD+,60,Corning Ceramic Shield Glass,4383,Var,20.0,1,48,1.0,2160p (Ultra HD) 4K,60 fps,12.0,6 Çekirdek,4,1.417.400 Puan,6.0,256,7.8,201.0,Cam,Var,5.3,Var,iOS,1.0,IPX8,Apple
85499.0,79.0,6.8,OLED,FHD+,120,Crystal Armour Kunlun Glass 2,5170,Var,100.0,1,50,1.0,2160p (Ultra HD) 4K,60 fps,13.0,8 Çekirdek,7,1.160.300 Puan,16.0,512,8.3,233.5,Cam,Yok,5.2,Var,Android,1.0,IPX9,HiSilicon Kirin
27049.0,71.0,6.78,AMOLED,FHD+,120,Corning Gorilla Glass Victus 2,5500,Var,120.0,0,50,1.0,2160p (Ultra HD) 4K,60 fps,32.0,8 Çekirdek,4,1.489.800 Puan,12.0,256,8.65,191.0,Plastik (Cam Görünümlü),Var,5.4,Var,Android,1.0,IPX5,Qualcomm
,67.0,6.67,AMOLED,FHD+,120,Corning Gorilla Glass 5,5000,Var,67.0,0,64,1.0,2160p (Ultra HD) 4K,30 fps,16.0,8 Çekirdek,4,1.426.100 Puan,8.0,256,8.35,190.0,Plastik (Cam Görünümlü),Var,5.4,Var,Android,1.0,IPX4,MediaTek
9786.77,54.0,6.67,AMOLED,FHD+,120,,5000,Var,33.0,0,64,0.0,1440p (Quad HD) 2K,30 fps,32.0,8 Çekirdek,6,432.900 Puan,8.0,256,7.82,185.0,,Yok,5.2,Var,Android,1.0,IPX3,MediaTek
42975.0,75.0,6.6,Dynamic AMOLED,FHD+,120,Corning Gorilla Glass Victus 2,4700,Var,45.0,1,50,1.0,4320p (Ultra HD) 8K,30 fps,12.0,8 Çekirdek,4,1.515.500 Puan,8.0,256,7.6,195.0,Cam,Var,5.3,Var,Android,1.0,IPX8,Qualcomm
9167.04,50.0,6.47,AMOLED,FHD+,60,Corning Gorilla Glass 5,5260,Var,30.0,0,64,0.0,2160p (Ultra HD) 4K,30 fps,16.0,8 Çekirdek,8,,6.0,128,9.67,204.0,Cam,Yok,5.0,Var,Android,0.0,,Qualcomm
13247.04,50.0,6.43,AMOLED,FHD+,90,Corning Gorilla Glass 3,5000,Var,33.0,0,108,0.0,1080p (Full HD),30 fps,16.0,8 Çekirdek,12,397.500 Puan,8.0,128,8.09,179.0,Plastik (Cam Görünümlü),Yok,5.0,Yok,Android,1.0,IPX3,MediaTek
33399.0,,6.57,AMOLED,FHD+,120,,7000,Var,80.0,0,50,1.0,2160p (Ultra HD) 4K,30 fps,50.0,8 Çekirdek,4,,12.0,256,8.27,202.0,,Var,5.1,Var,Android,1.0,IPX9,Qualcomm
26131.01,65.0,6.57,AMOLED,FHD+,120,AGC Dragontrail DT-STAR D+,6000,Var,45.0,0,50,1.0,2160p (Ultra HD) 4K,30 fps,32.0,8 Çekirdek,4,677.736 Puan,12.0,256,7.78,180.0,,Var,5.1,Var,Android,1.0,IPX9,Qualcomm
28409.18,59.0,6.7,Super AMOLED,FHD+,90,Corning Gorilla Glass 5,5000,Var,25.0,0,64,1.0,2160p (Ultra HD) 4K,30 fps,32.0,8 Çekirdek,8,,8.0,128,8.4,203.0,Plastik (Cam Görünümlü),Yok,5.0,Var,Android,1.0,IPX7,Qualcomm
52499.0,66.0,6.1,OLED,FHD+,60,Corning Ceramic Shield Glass,3227,Var,20.0,1,12,1.0,2160p (Ultra HD) 4K,60 fps,12.0,6 Çekirdek,5,1.550.800 Puan,4.0,256,7.65,174.0,Cam,Var,5.0,Var,iOS,1.0,IPX8,Apple
11979.5,,6.75,IPS LCD,HD+,120,,6000,Var,18.0,0,50,0.0,1440p (Quad HD) 2K,30 fps,5.0,8 Çekirdek,6,,8.0,256,8.14,199.0,,Var,5.4,Var,Android,1.0,IPX4,MediaTek
87799.0,83.0,6.3,OLED,FHD+,120,Corning Ceramic Shield Glass (Gen2),3692,Var,40.0,1,48,1.0,2160p (Ultra HD) 4K,60 fps,18.0,6 Çekirdek,3,2.542.200 Puan,8.0,512,7.95,177.0,Cam,Var,6.0,Var,iOS,1.0,IPX8,Apple
7719.04,,6.51,IPS LCD,HD+,60,,5000,Yok,,0,48,,1080p (Full HD),30 fps,24.0,8 Çekirdek,12,274.900 Puan,8.0,256,9.0,,,Yok,5.0,,Android,0.0,,Unisoc
6911.04,,6.74,,HD+,60,,4000,Yok,,0,64,0.0,1080p (Full HD),30 fps,16.0,8 Çekirdek,12,248.300 Puan,8.0,128,,,,Yok,5.0,Yok,Android,0.0,,Unisoc
,67.0,6.7,OLED,FHD+,60,Corning Ceramic Shield Glass,3687,Var,20.0,1,12,1.0,2160p (Ultra HD) 4K,60 fps,12.0,6 Çekirdek,5,1.278.900 Puan,6.0,128,7.4,228.0,Cam,Var,5.0,Var,iOS,1.0,IPX8,Apple
17499.0,60.0,6.78,AMOLED,FHD+,120,,5000,Var,70.0,0,50,1.0,1440p (Quad HD) 2K,30 fps,50.0,8 Çekirdek,6,506.700 Puan,12.0,512,7.83,190.0,,Var,5.3,Var,Android,1.0,IPX4,MediaTek
14799.0,49.0,6.5,Super AMOLED,FHD+,90,,5000,Var,25.0,0,50,1.0,1080p (Full HD),30 fps,13.0,8 Çekirdek,6,402.900 Puan,6.0,128,8.3,195.0,Plastik (Cam Görünümlü),Yok,5.3,Var,Android,0.0,,MediaTek
55824.0,77.0,6.8,OLED,FHD+,120,Kunlun Glass 2,5170,Var,100.0,1,50,1.0,2160p (Ultra HD) 4K,60 fps,13.0,8 Çekirdek,7,1.105.100 Puan,12.0,512,8.3,219.0,Cam,Yok,5.2,Var,Android,1.0,IPX9,HiSilicon Kirin
69349.05,73.0,6.7,OLED,FHD+,60,Corning Ceramic Shield Glass,4383,Var,20.0,1,48,1.0,2160p (Ultra HD) 4K,60 fps,12.0,6 Çekirdek,4,1.417.400 Puan,6.0,256,7.8,201.0,Cam,Var,5.3,Var,iOS,1.0,IPX8,Apple
49999.0,76.0,6.8,AMOLED,FHD+,120,Corning Gorilla Glass 5,6500,Var,80.0,0,50,1.0,4320p (Ultra HD) 8K,30 fps,16.0,8 Çekirdek,4,2.213.700 Puan,16.0,512,8.9,229.0,Cam,Var,5.3,Var,Android,0.0,,Qualcomm
85499.0,79.0,6.8,OLED,FHD+,120,Crystal Armour Kunlun Glass 2,5170,Var,100.0,1,50,1.0,2160p (Ultra HD) 4K,60 fps,13.0,8 Çekirdek,7,1.160.300 Puan,16.0,512,8.3,233.5,Cam,Yok,5.2,Var,Android,1.0,IPX9,HiSilicon Kirin
27049.0,71.0,6.78,AMOLED,FHD+,120,Corning Gorilla Glass Victus 2,5500,Var,120.0,0,50,1.0,2160p (Ultra HD) 4K,60 fps,32.0,8 Çekirdek,4,1.489.800 Puan,12.0,256,8.65,191.0,Plastik (Cam Görünümlü),Var,5.4,Var,Android,1.0,IPX5,Qualcomm
,67.0,6.67,AMOLED,FHD+,120,Corning Gorilla Glass 5,5000,Var,67.0,0,64,1.0,2160p (Ultra HD) 4K,30 fps,16.0,8 Çekirdek,4,1.426.100 Puan,8.0,256,8.35,190.0,Plastik (Cam Görünümlü),Var,5.4,Var,Android,1.0,IPX4,MediaTek
9786.77,54.0,6.67,AMOLED,FHD+,120,,5000,Var,33.0,0,64,0.0,1440p (Quad HD) 2K,30 fps,32.0,8 Çekirdek,6,432.900 Puan,8.0,256,7.82,185.0,,Yok,5.2,Var,Android,1.0,IPX3,MediaTek
42975.0,75.0,6.6,Dynamic AMOLED,FHD+,120,Corning Gorilla Glass Victus 2,4700,Var,45.0,1,50,1.0,4320p (Ultra HD) 8K,30 fps,12.0,8 Çekirdek,4,1.515.500 Puan,8.0,256,7.6,195.0,Cam,Var,5.3,Var,Android,1.0,IPX8,Qualcomm
9167.04,50.0,6.47,AMOLED,FHD+,60,Corning Gorilla Glass 5,5260,Var,30.0,0,64,0.0,2160p (Ultra HD) 4K,30 fps,16.0,8 Çekirdek,8,,6.0,128,9.67,204.0,Cam,Yok,5.0,Var,Android,0.0,,Qualcomm
13247.04,50.0,6.43,AMOLED,FHD+,90,Corning Gorilla Glass 3,5000,Var,33.0,0,108,0.0,1080p (Full HD),30 fps,16.0,8 Çekirdek,12,397.500 Puan,8.0,128,8.09,179.0,Plastik (Cam Görünümlü),Yok,5.0,Yok,Android,1.0,IPX3,MediaTek
33399.0,,6.57,AMOLED,FHD+,120,,7000,Var,80.0,0,50,1.0,2160p (Ultra HD) 4K,30 fps,50.0,8 Çekirdek,4,,12.0,256,8.27,202.0,,Var,5.1,Var,Android,1.0,IPX9,Qualcomm
26131.01,65.0,6.57,AMOLED,FHD+,120,AGC Dragontrail DT-STAR D+,6000,Var,45.0,0,50,1.0,2160p (Ultra HD) 4K,30 fps,32.0,8 Çekirdek,4,677.736 Puan,12.0,256,7.78,180.0,,Var,5.1,Var,Android,1.0,IPX9,Qualcomm
29699.0,66.0,6.76,OLED,FHD+,120,,5000,Var,100.0,0,50,1.0,2160p (Ultra HD) 4K,30 fps,60.0,8 Çekirdek,7,653.300 Puan,12.0,512,7.82,209.0,,Yok,5.2,Var,Android,0.0,,HiSilicon Kirin
28409.18,59.0,6.7,Super AMOLED,FHD+,90,Corning Gorilla Glass 5,5000,Var,25.0,0,64,1.0,2160p (Ultra HD) 4K,30 fps,32.0,8 Çekirdek,8,,8.0,128,8.4,203.0,Plastik (Cam Görünümlü),Yok,5.0,Var,Android,1.0,IPX7,Qualcomm
27999.0,70.0,6.55,AMOLED,FHD+,120,,6000,Var,80.0,0,200,1.0,2160p (Ultra HD) 4K,30 fps,50.0,8 Çekirdek,4,848.100 Puan,12.0,512,7.3,184.0,,Var,5.4,Var,Android,1.0,IPX6,Qualcomm
5579.1,36.0,6.6,IPS LCD,HD+,90,,5000,Yok,,0,50,0.0,1080p (Full HD),30 fps,5.0,8 Çekirdek,28,154.100 Puan,4.0,128,8.6,199.0,,Yok,5.2,Var,Android,0.0,,Unisoc
8561.04,46.0,6.56,IPS LCD,HD+,120,,5000,Var,22.5,0,108,0.0,2160p (Ultra HD) 4K,30 fps,8.0,8 Çekirdek,6,469.100 Puan,6.0,256,8.6,205.5,Plastik (Cam Görünümlü),Var,5.2,Var,Android,0.0,,Unisoc
22919.04,55.0,6.5,Super AMOLED,FHD+,120,Corning Gorilla Glass 5,6000,Var,25.0,0,50,1.0,2160p (Ultra HD) 4K,30 fps,13.0,8 Çekirdek,5,488.200 Puan,6.0,128,8.8,208.0,Plastik (Cam Görünümlü),Var,5.3,Var,Android,0.0,,Samsung Exynos
,76.0,6.1,OLED,FHD+,120,Corning Ceramic Shield Glass,3200,Var,20.0,1,48,1.0,2160p (Ultra HD) 4K,60 fps,12.0,6 Çekirdek,4,1.432.800 Puan,6.0,256,7.85,206.0,Cam,Var,5.3,Var,iOS,1.0,IPX8,Apple
42999.0,85.0,6.59,AMOLED,FHD+,120,Corning Gorilla Glass 7i,6210,Var,100.0,0,50,1.0,4320p (Ultra HD) 8K,30 fps,20.0,8 Çekirdek,3,,12.0,512,8.0,199.0,,Var,5.4,Var,Android,1.0,IPX8,Qualcomm
58499.03,76.0,6.9,Dynamic AMOLED,FHD+,120,Corning Gorilla Glass Victus 2,4300,Var,25.0,1,50,1.0,2160p (Ultra HD) 4K,60 fps,10.0,10 Çekirdek,3,1.943.900 Puan,12.0,256,6.5,188.0,Cam,Var,5.4,Var,Android,1.0,IPX8,Samsung Exynos
,63.0,5.4,OLED,FHD+,60,Corning Ceramic Shield Glass,2425,Var,20.0,1,12,1.0,2160p (Ultra HD) 4K,60 fps,12.0,6 Çekirdek,5,1.289.300 Puan,4.0,128,7.65,141.0,Cam,Var,5.0,Var,iOS,1.0,IPX8,Apple
16999.0,62.0,6.67,AMOLED,FHD+,120,Corning Gorilla Glass 5,5000,Var,67.0,0,200,1.0,1080p (Full HD),60 fps,16.0,8 Çekirdek,6,438.300 Puan,12.0,512,7.98,188.0,Cam,Yok,5.2,Var,Android,1.0,IPX4,MediaTek
1399.0,11.0,4.0,Super AMOLED,SD,60,,1500,Yok,,0,5,0.0,720p (HD),30 fps,0.3,2 Çekirdek,45,,1.0,8,9.9,120.0,,Yok,4.0,Yok,Android,0.0,,Other
18899.0,56.0,6.78,AMOLED,FHD+,144,Corning Gorilla Glass 7i,5160,Var,45.0,0,50,,1440p (Quad HD) 2K,30 fps,13.0,8 Çekirdek,6,449.900 Puan,8.0,256,5.95,155.0,Plastik (Cam Görünümlü),Yok,5.4,Var,Android,1.0,IPX5,MediaTek
15173.1,60.0,6.77,AMOLED,FHD+,120,,6500,Var,90.0,0,50,0.0,1080p (Full HD),60 fps,32.0,8 Çekirdek,6,438.900 Puan,12.0,256,7.79,197.0,Plastik (Cam Görünümlü),Var,5.4,Var,Android,1.0,IPX5,MediaTek
8999.0,47.0,6.8,IPS LCD,FHD+,90,,5000,Var,18.0,0,50,0.0,1440p (Quad HD) 2K,30 fps,32.0,8 Çekirdek,12,,8.0,256,8.46,208.0,Cam,Yok,5.0,Var,Android,0.0,,MediaTek
48999.0,67.0,6.1,OLED,FHD+,60,Corning Ceramic Shield Glass,3279,Var,20.0,1,12,1.0,2160p (Ultra HD) 4K,60 fps,12.0,6 Çekirdek,5,1.381.900 Puan,6.0,256,7.8,172.0,Cam,Var,5.3,Var,iOS,1.0,IPX8,Apple
,65.0,6.1,OLED,FHD+,60,Corning Ceramic Shield Glass,2815,Var,20.0,1,12,1.0,2160p (Ultra HD) 4K,60 fps,12.0,6 Çekirdek,5,1.092.600 Puan,6.0,128,7.4,189.0,Cam,Var,5.0,Var,iOS,1.0,IPX8,Apple
9457.0,,6.67,AMOLED,FHD+,120,,5000,Var,33.0,0,50,0.0,1440p (Quad HD) 2K,30 fps,24.0,8 Çekirdek,6,,8.0,256,7.9,190.0,,Yok,5.0,Var,Android,0.0,,MediaTek
15999.0,45.0,6.4,IPS LCD,FHD+,60,,4200,Var,40.0,0,48,0.0,1080p (Full HD),30 fps,16.0,8 Çekirdek,7,452.300 Puan,6.0,128,8.7,183.0,Plastik (Cam Görünümlü),Yok,5.0,Var,Android,0.0,,HiSilicon Kirin
8101.44,46.0,6.53,IPS LCD,FHD+,60,Corning Gorilla Glass 5,4500,Var,18.0,0,64,0.0,2160p (Ultra HD) 4K,30 fps,20.0,8 Çekirdek,12,439.200 Puan,6.0,128,8.8,199.0,Cam,Yok,5.0,Var,Android,1.0,IPX2,MediaTek
6500.0,38.0,6.74,IPS LCD,HD+,90,,5000,Yok,,0,32,0.0,1080p (Full HD),30 fps,5.0,8 Çekirdek,12,261.200 Puan,6.0,128,7.84,187.0,,Yok,5.0,Yok,Android,1.0,IPX4,Unisoc
10600.76,46.0,6.6,IPS LCD,FHD+,120,,4500,Var,22.5,0,50,0.0,1080p (Full HD),30 fps,8.0,8 Çekirdek,6,447.700 Puan,8.0,256,7.98,189.0,Plastik (Cam Görünümlü),Var,5.2,Var,Android,0.0,,Unisoc
19999.0,62.0,6.6,Super AMOLED,FHD+,120,Corning Gorilla Glass Victus+,5000,Var,25.0,0,50,1.0,2160p (Ultra HD) 4K,30 fps,13.0,8 Çekirdek,5,612.100 Puan,8.0,256,8.2,209.0,Cam,Var,5.3,Var,Android,1.0,IPX7,Samsung Exynos
26009.0,67.0,6.78,AMOLED,FHD+,144,,5000,Var,70.0,0,50,1.0,2160p (Ultra HD) 4K,60 fps,50.0,8 Çekirdek,4,937.100 Puan,12.0,512,7.68,187.0,,Var,5.3,Var,Android,,,MediaTek
37498.99,71.0,6.74,OLED,FHD+,120,,4700,Var,66.0,1,50,1.0,2160p (Ultra HD) 4K,60 fps,13.0,8 Çekirdek,4,1.255.000 Puan,8.0,256,8.5,209.0,,Yok,5.2,Var,Android,1.0,IPX8,Qualcomm
9995.5,52.0,6.67,IPS LCD,FHD+,120,Corning Gorilla Glass 5,5160,Var,33.0,0,64,0.0,2160p (Ultra HD) 4K,30 fps,20.0,8 Çekirdek,8,403.800 Puan,6.0,128,9.4,215.0,Plastik (Cam Görünümlü),Yok,5.1,Var,Android,1.0,IPX3,Qualcomm
8660.16,47.0,6.79,IPS LCD,FHD+,90,Corning Gorilla Glass 3,5000,Var,18.0,0,50,0.0,1080p (Full HD),30 fps,8.0,8 Çekirdek,12,280.200 Puan,8.0,256,8.17,198.5,Cam,Yok,5.3,Yok,Android,1.0,IPX3,MediaTek
14096.05,56.0,6.78,AMOLED,FHD+,144,Corning Gorilla Glass 7i,5160,Var,45.0,0,50,0.0,1440p (Quad HD) 2K,30 fps,13.0,8 Çekirdek,6,474.900 Puan,8.0,256,6.08,157.0,,Yok,5.4,Var,Android,1.0,IPX4,MediaTek
6270.32,37.0,6.74,IPS LCD,HD+,90,,5000,Yok,,0,32,0.0,1080p (Full HD),30 fps,5.0,8 Çekirdek,12,252.600 Puan,4.0,128,7.84,187.0,,Yok,5.0,Yok,Android,1.0,IPX4,Unisoc
29875.0,63.0,6.7,AMOLED,FHD+,120,,5000,Var,67.0,0,50,1.0,2160p (Ultra HD) 4K,30 fps,32.0,8 Çekirdek,4,644.700 Puan,8.0,256,8.75,196.0,,Var,5.2,Var,Android,1.0,IPX5,Qualcomm
18145.0,58.0,6.4,Super AMOLED,FHD+,90,Corning Gorilla Glass 5,5000,Var,25.0,0,48,1.0,2160p (Ultra HD) 4K,30 fps,13.0,8 Çekirdek,5,450.500 Puan,6.0,128,8.1,186.0,Plastik (Cam Görünümlü),Var,5.1,Var,Android,1.0,IPX7,Samsung Exynos
29499.0,43.0,6.1,IPS LCD,HD+,60,,2942,Var,15.0,1,12,1.0,2160p (Ultra HD) 4K,60 fps,7.0,6 Çekirdek,7,736.800 Puan,3.0,64,8.3,194.0,Cam,Yok,5.0,Var,iOS,1.0,IPX7,Apple
10356.09,,6.74,IPS LCD,HD+,90,,5500,Var,15.0,0,50,0.0,1080p (Full HD),30 fps,5.0,8 Çekirdek,6,,8.0,256,8.19,199.0,,Var,5.4,,Android,1.0,IPX4,MediaTek
9210.0,,6.67,IPS LCD,HD+,90,,6000,Var,45.0,0,50,0.0,1080p (Full HD),30 fps,5.0,8 Çekirdek,11,,6.0,128,7.99,193.0,,Yok,5.0,Var,Android,1.0,IPX5,Qualcomm
8021.05,47.0,6.67,IPS LCD,FHD+,60,Corning Gorilla Glass 5,5020,Var,30.0,0,64,0.0,2160p (Ultra HD) 4K,30 fps,16.0,8 Çekirdek,8,402.600 Puan,6.0,64,8.8,209.0,Cam,Yok,5.0,Var,Android,1.0,Sadece Sıçramalara Karşı (P2i),Qualcomm
14964.08,,6.78,AMOLED,FHD+,144,Corning Gorilla Glass 7i,5160,Var,45.0,0,50,,1440p (Quad HD) 2K,30 fps,13.0,8 Çekirdek,6,,8.0,256,6.6,170.0,,Yok,5.4,Var,Android,1.0,IPX4,MediaTek
80999.0,75.0,6.45,OLED,FHD+,120,Kunlun Glass 2,5110,Var,66.0,1,50,1.0,2160p (Ultra HD) 4K,60 fps,8.0,12 Çekirdek,7,1.321.200 Puan,12.0,512,9.85,239.0,Kauçuk/Plastik (Deri Görünümlü),Yok,5.2,Var,Android,1.0,IPX8,HiSilicon Kirin
8784.13,49.0,6.67,IPS LCD,FHD+,60,Corning Gorilla Glass 5,5020,Var,30.0,0,64,0.0,2160p (Ultra HD) 4K,30 fps,16.0,8 Çekirdek,8,402.600 Puan,6.0,128,8.8,209.0,Cam,Yok,5.0,Var,Android,1.0,Sadece Sıçramalara Karşı (P2i),Qualcomm
,51.0,6.7,Super AMOLED,FHD+,60,Corning Gorilla Glass 3,4500,Var,25.0,0,64,0.0,2160p (Ultra HD) 4K,30 fps,32.0,8 Çekirdek,8,380.800 Puan,8.0,128,7.7,179.0,Plastik (Cam Görünümlü),Yok,5.0,Var,Android,0.0,,Qualcomm
124999.0,90.0,6.9,OLED,FHD+,120,Corning Ceramic Shield Glass (Gen2),4685,Var,30.0,1,48,1.0,2160p (Ultra HD) 4K,60 fps,12.0,6 Çekirdek,3,1.949.200 Puan,8.0,1,8.25,227.0,Cam,Var,5.3,Var,iOS,1.0,IPX8,Apple
30907.68,72.0,6.67,AMOLED,QHD+,120,Corning Gorilla Glass 5,5000,Var,120.0,0,50,1.0,4320p (Ultra HD) 8K,24 fps,16.0,8 Çekirdek,4,1.538.700 Puan,12.0,512,8.21,209.0,Cam,Var,5.3,Var,Android,1.0,IPX3,Qualcomm
52499.0,66.0,6.1,OLED,FHD+,60,Corning Ceramic Shield Glass,3227,Var,20.0,1,12,1.0,2160p (Ultra HD) 4K,60 fps,12.0,6 Çekirdek,5,1.550.800 Puan,4.0,256,7.65,174.0,Cam,Var,5.0,Var,iOS,1.0,IPX8,Apple
7719.04,,6.51,IPS LCD,HD+,60,,5000,Yok,,0,48,,1080p (Full HD),30 fps,24.0,8 Çekirdek,12,274.900 Puan,8.0,256,9.0,,,Yok,5.0,,Android,0.0,,Unisoc
6911.04,,6.74,,HD+,60,,4000,Yok,,0,64,0.0,1080p (Full HD),30 fps,16.0,8 Çekirdek,12,248.300 Puan,8.0,128,,,,Yok,5.0,Yok,Android,0.0,,Unisoc
,67.0,6.7,OLED,FHD+,60,Corning Ceramic Shield Glass,3687,Var,20.0,1,12,1.0,2160p (Ultra HD) 4K,60 fps,12.0,6 Çekirdek,5,1.278.900 Puan,6.0,128,7.4,228.0,Cam,Var,5.0,Var,iOS,1.0,IPX8,Apple
8100.0,,6.6,IPS LCD,HD+,90,,5000,Var,18.0,0,50,0.0,1080p (Full HD),30 fps,8.0,8 Çekirdek,12,,8.0,256,8.9,196.0,,Yok,5.0,Var,Android,0.0,,MediaTek
17499.0,60.0,6.78,AMOLED,FHD+,120,,5000,Var,70.0,0,50,1.0,1440p (Quad HD) 2K,30 fps,50.0,8 Çekirdek,6,506.700 Puan,12.0,512,7.83,190.0,,Var,5.3,Var,Android,1.0,IPX4,MediaTek
14799.0,49.0,6.5,Super AMOLED,FHD+,90,,5000,Var,25.0,0,50,1.0,1080p (Full HD),30 fps,13.0,8 Çekirdek,6,402.900 Puan,6.0,128,8.3,195.0,Plastik (Cam Görünümlü),Yok,5.3,Var,Android,0.0,,MediaTek
15469.38,55.0,6.77,AMOLED,FHD+,120,,6500,Var,90.0,0,50,0.0,1080p (Full HD),30 fps,32.0,8 Çekirdek,6,383.500 Puan,8.0,256,7.79,196.0,Plastik (Cam Görünümlü),Yok,5.0,Var,Android,1.0,IPX5,Qualcomm
69349.05,73.0,6.7,OLED,FHD+,60,Corning Ceramic Shield Glass,4383,Var,20.0,1,48,1.0,2160p (Ultra HD) 4K,60 fps,12.0,6 Çekirdek,4,1.417.400 Puan,6.0,256,7.8,201.0,Cam,Var,5.3,Var,iOS,1.0,IPX8,Apple
49999.0,76.0,6.8,AMOLED,FHD+,120,Corning Gorilla Glass 5,6500,Var,80.0,0,50,1.0,4320p (Ultra HD) 8K,30 fps,16.0,8 Çekirdek,4,2.213.700 Puan,16.0,512,8.9,229.0,Cam,Var,5.3,Var,Android,0.0,,Qualcomm
27049.0,71.0,6.78,AMOLED,FHD+,120,Corning Gorilla Glass Victus 2,5500,Var,120.0,0,50,1.0,2160p (Ultra HD) 4K,60 fps,32.0,8 Çekirdek,4,1.489.800 Puan,12.0,256,8.65,191.0,Plastik (Cam Görünümlü),Var,5.4,Var,Android,1.0,IPX5,Qualcomm
,67.0,6.67,AMOLED,FHD+,120,Corning Gorilla Glass 5,5000,Var,67.0,0,64,1.0,2160p (Ultra HD) 4K,30 fps,16.0,8 Çekirdek,4,1.426.100 Puan,8.0,256,8.35,190.0,Plastik (Cam Görünümlü),Var,5.4,Var,Android,1.0,IPX4,MediaTek
9786.77,54.0,6.67,AMOLED,FHD+,120,,5000,Var,33.0,0,64,0.0,1440p (Quad HD) 2K,30 fps,32.0,8 Çekirdek,6,432.900 Puan,8.0,256,7.82,185.0,,Yok,5.2,Var,Android,1.0,IPX3,MediaTek
42975.0,75.0,6.6,Dynamic AMOLED,FHD+,120,Corning Gorilla Glass Victus 2,4700,Var,45.0,1,50,1.0,4320p (Ultra HD) 8K,30 fps,12.0,8 Çekirdek,4,1.515.500 Puan,8.0,256,7.6,195.0,Cam,Var,5.3,Var,Android,1.0,IPX8,Qualcomm
9167.04,50.0,6.47,AMOLED,FHD+,60,Corning Gorilla Glass 5,5260,Var,30.0,0,64,0.0,2160p (Ultra HD) 4K,30 fps,16.0,8 Çekirdek,8,,6.0,128,9.67,204.0,Cam,Yok,5.0,Var,Android,0.0,,Qualcomm
13247.04,50.0,6.43,AMOLED,FHD+,90,Corning Gorilla Glass 3,5000,Var,33.0,0,108,0.0,1080p (Full HD),30 fps,16.0,8 Çekirdek,12,397.500 Puan,8.0,128,8.09,179.0,Plastik (Cam Görünümlü),Yok,5.0,Yok,Android,1.0,IPX3,MediaTek
17760.99,60.0,6.78,AMOLED,FHD+,120,,5200,Var,45.0,0,50,1.0,1440p (Quad HD) 2K,30 fps,32.0,8 Çekirdek,6,444.300 Puan,12.0,256,7.34,177.0,,Yok,5.4,Var,Android,1.0,IPX6,MediaTek
15373.89,57.0,6.67,AMOLED,FHD+,120,AGC DT-Star2,5800,Var,45.0,0,50,0.0,1080p (Full HD),60 fps,32.0,8 Çekirdek,6,426.400 Puan,8.0,256,7.76,192.0,Plastik (Cam Görünümlü),Yok,5.3,Var,Android,1.0,IPX9,MediaTek
29699.0,66.0,6.76,OLED,FHD+,120,,5000,Var,100.0,0,50,1.0,2160p (Ultra HD) 4K,30 fps,60.0,8 Çekirdek,7,653.300 Puan,12.0,512,7.82,209.0,,Yok,5.2,Var,Android,0.0,,HiSilicon Kirin
7967.04,48.0,6.78,IPS LCD,FHD+,90,,5000,Var,18.0,0,64,0.0,1440p (Quad HD) 2K,30 fps,13.0,8 Çekirdek,12,283.300 Puan,8.0,128,7.7,188.0,Plastik (Cam Görünümlü),Yok,,Var,Android,1.0,IPX4,MediaTek
28409.18,59.0,6.7,Super AMOLED,FHD+,90,Corning Gorilla Glass 5,5000,Var,25.0,0,64,1.0,2160p (Ultra HD) 4K,30 fps,32.0,8 Çekirdek,8,,8.0,128,8.4,203.0,Plastik (Cam Görünümlü),Yok,5.0,Var,Android,1.0,IPX7,Qualcomm
5579.1,36.0,6.6,IPS LCD,HD+,90,,5000,Yok,,0,50,0.0,1080p (Full HD),30 fps,5.0,8 Çekirdek,28,154.100 Puan,4.0,128,8.6,199.0,,Yok,5.2,Var,Android,0.0,,Unisoc
8561.04,46.0,6.56,IPS LCD,HD+,120,,5000,Var,22.5,0,108,0.0,2160p (Ultra HD) 4K,30 fps,8.0,8 Çekirdek,6,469.100 Puan,6.0,256,8.6,205.5,Plastik (Cam Görünümlü),Var,5.2,Var,Android,0.0,,Unisoc
22919.04,55.0,6.5,Super AMOLED,FHD+,120,Corning Gorilla Glass 5,6000,Var,25.0,0,50,1.0,2160p (Ultra HD) 4K,30 fps,13.0,8 Çekirdek,5,488.200 Puan,6.0,128,8.8,208.0,Plastik (Cam Görünümlü),Var,5.3,Var,Android,0.0,,Samsung Exynos
,76.0,6.1,OLED,FHD+,120,Corning Ceramic Shield Glass,3200,Var,20.0,1,48,1.0,2160p (Ultra HD) 4K,60 fps,12.0,6 Çekirdek,4,1.432.800 Puan,6.0,256,7.85,206.0,Cam,Var,5.3,Var,iOS,1.0,IPX8,Apple
8399.0,,6.78,IPS LCD,FHD+,120,Panda Glass,5000,Var,33.0,0,64,0.0,,,8.0,8 Çekirdek,6,,8.0,128,8.75,205.0,,Yok,5.0,Var,Android,,,MediaTek
,63.0,5.4,OLED,FHD+,60,Corning Ceramic Shield Glass,2425,Var,20.0,1,12,1.0,2160p (Ultra HD) 4K,60 fps,12.0,6 Çekirdek,5,1.289.300 Puan,4.0,128,7.65,141.0,Cam,Var,5.0,Var,iOS,1.0,IPX8,Apple
8499.0,,6.7,IPS LCD,HD+,120,,5000,Var,18.0,0,48,0.0,1440p (Quad HD) 2K,30 fps,8.0,8 Çekirdek,12,,8.0,256,8.1,185.6,Plastik (Cam Görünümlü),Yok,,,Android,1.0,IPX4,MediaTek
16999.0,62.0,6.67,AMOLED,FHD+,120,Corning Gorilla Glass 5,5000,Var,67.0,0,200,1.0,1080p (Full HD),60 fps,16.0,8 Çekirdek,6,438.300 Puan,12.0,512,7.98,188.0,Cam,Yok,5.2,Var,Android,1.0,IPX4,MediaTek
7873.74,42.0,6.74,IPS LCD,HD+,90,,5000,Var,15.0,0,50,0.0,1080p (Full HD),30 fps,5.0,8 Çekirdek,12,263.600 Puan,8.0,256,7.84,188.0,Plastik (Cam Görünümlü),Yok,5.0,Yok,Android,1.0,IPX4,Unisoc
10000.0,44.0,6.79,IPS LCD,FHD+,90,Corning Gorilla Glass 3,5000,Var,18.0,0,50,0.0,1080p (Full HD),30 fps,8.0,8 Çekirdek,12,278.500 Puan,4.0,128,8.17,198.5,Cam,Yok,5.3,Yok,Android,1.0,IPX3,MediaTek
29999.0,52.0,6.5,Super AMOLED,FHD+,60,Corning Gorilla Glass 3,6000,Var,25.0,0,64,0.0,2160p (Ultra HD) 4K,30 fps,32.0,8 Çekirdek,10,,6.0,128,9.3,203.0,Polikarbonat,Yok,5.0,Var,Android,0.0,,Samsung Exynos
66499.05,72.0,6.1,OLED,FHD+,60,Corning Ceramic Shield Glass,3349,Var,20.0,1,48,1.0,2160p (Ultra HD) 4K,60 fps,12.0,6 Çekirdek,4,1.753.700 Puan,6.0,512,7.8,171.0,Cam,Var,5.3,Var,iOS,1.0,IPX8,Apple
16044.0,62.0,6.5,Super AMOLED,FHD+,120,Corning Gorilla Glass 3,4500,Var,25.0,1,12,1.0,2160p (Ultra HD) 4K,60 fps,32.0,8 Çekirdek,7,743.100 Puan,6.0,128,8.4,190.0,Polimer (Cam Görünümlü),Yok,5.0,Var,Android,1.0,IPX8,Samsung Exynos
8343.0,,6.78,IPS LCD,FHD+,120,Panda MN228,5000,Var,33.0,0,50,0.0,1080p (Full HD),30 fps,32.0,8 Çekirdek,12,,6.0,128,8.35,200.0,,Yok,5.0,Var,Android,0.0,,MediaTek
,65.0,6.2,Dynamic AMOLED,QHD+,120,Corning Gorilla Glass 6,4000,Var,25.0,1,12,1.0,4320p (Ultra HD) 8K,24 fps,10.0,8 Çekirdek,7,759.200 Puan,8.0,128,7.9,163.0,Cam,Yok,5.0,Var,Android,1.0,IPX8,Samsung Exynos
8476.3,47.0,6.67,IPS LCD,HD+,120,,5000,Var,18.0,0,48,0.0,1440p (Quad HD) 2K,30 fps,8.0,8 Çekirdek,12,268.800 Puan,8.0,256,7.8,192.0,Plastik (Cam Görünümlü),Yok,,Var,Android,1.0,IPX4,MediaTek
11790.0,47.0,6.5,Super AMOLED,FHD+,90,,5000,Var,25.0,0,50,0.0,1080p (Full HD),30 fps,13.0,8 Çekirdek,6,390.700 Puan,4.0,128,8.4,200.0,Plastik (Cam Görünümlü),Yok,5.3,Var,Android,0.0,,MediaTek
59687.5,74.0,6.2,Super AMOLED,HD+,120,Corning Gorilla Glass Victus 2,4400,Var,25.0,1,50,1.0,4320p (Ultra HD) 8K,30 fps,10.0,8 Çekirdek,4,1.513.900 Puan,12.0,256,13.4,253.0,Cam,Var,5.3,Var,Android,1.0,IPX8,Qualcomm
23635.29,62.0,6.4,Super AMOLED,FHD+,120,Corning Gorilla Glass 5,5000,Var,25.0,0,50,1.0,2160p (Ultra HD) 4K,30 fps,32.0,8 Çekirdek,5,623.500 Puan,8.0,256,8.2,202.0,Cam,Var,5.3,Var,Android,1.0,IPX7,Samsung Exynos
85749.03,82.0,6.5,OLED,FHD+,120,Corning Ceramic Shield Glass (Gen2),3149,Var,20.0,1,48,1.0,2160p (Ultra HD) 4K,60 fps,18.0,6 Çekirdek,3,2.123.800 Puan,12.0,512,5.64,165.0,Cam,Var,6.0,Var,iOS,1.0,IPX8,Apple
,62.0,6.78,AMOLED,FHD+,120,,6600,Var,66.0,0,108,1.0,2160p (Ultra HD) 4K,30 fps,16.0,8 Çekirdek,4,581.400 Puan,8.0,256,7.98,189.0,,Var,5.1,Var,Android,1.0,IPX5M,Qualcomm
16757.1,60.0,6.67,AMOLED,FHD+,120,Corning Gorilla Glass 5,5110,Var,45.0,0,50,1.0,1080p (Full HD),30 fps,20.0,8 Çekirdek,6,475.500 Puan,12.0,256,7.99,190.0,,Var,5.3,Var,Android,1.0,IPX4,MediaTek
11457.85,49.0,6.67,AMOLED,FHD+,120,Corning Gorilla Glass 3,5000,Var,33.0,0,50,0.0,1080p (Full HD),30 fps,13.0,8 Çekirdek,6,348.500 Puan,6.0,128,7.85,183.5,,Yok,5.0,Yok,Android,1.0,IPX3,Qualcomm
7605.78,46.0,6.53,IPS LCD,FHD+,60,Corning Gorilla Glass 3,6000,Var,18.0,0,48,0.0,1080p (Full HD),30 fps,8.0,8 Çekirdek,11,253.600 Puan,4.0,128,9.6,198.0,Plastik,Yok,5.0,,Android,1.0,Sadece Sıçramalara Karşı,Qualcomm
21999.0,,6.77,AMOLED,FHD+,120,Panda Glass,5000,Var,33.0,0,50,0.0,2160p (Ultra HD) 4K,30 fps,16.0,8 Çekirdek,4,691.700 Puan,8.0,128,8.3,199.0,Cam,Var,5.4,Var,Android,1.0,IPX4,MediaTek
63668.91,77.0,6.9,Dynamic AMOLED,FHD+,120,Corning Gorilla Glass Victus 2,4300,Var,25.0,1,50,1.0,2160p (Ultra HD) 4K,60 fps,10.0,10 Çekirdek,3,1.943.900 Puan,12.0,512,6.5,188.0,Cam,Var,5.4,Var,Android,1.0,IPX8,Samsung Exynos
22905.82,65.0,6.7,AMOLED,FHD+,120,,5200,Var,100.0,0,50,1.0,2160p (Ultra HD) 4K,30 fps,50.0,8 Çekirdek,4,792.700 Puan,8.0,256,7.7,187.0,Plastik (Cam Görünümlü),Var,5.3,Var,Android,0.0,,Qualcomm
,68.0,6.58,OLED,FHD+,90,,4200,Var,40.0,1,50,1.0,2160p (Ultra HD) 4K,60 fps,32.0,8 Çekirdek,7,,8.0,256,8.95,209.0,Cam,Var,5.1,Var,Android,1.0,IPX8,HiSilicon Kirin
7129.5,,6.67,IPS LCD,HD+,120,,5000,Var,15.0,0,8,0.0,1440p (Quad HD) 2K,30 fps,8.0,8 Çekirdek,12,270.800 Puan,4.0,128,8.25,187.0,,Yok,,Var,Android,1.0,IPX4,Unisoc
93499.0,87.0,6.3,OLED,FHD+,120,Corning Ceramic Shield Glass (Gen2),3582,Var,25.0,1,48,1.0,2160p (Ultra HD) 4K,60 fps,12.0,6 Çekirdek,3,1.853.700 Puan,8.0,512,8.25,199.0,Cam,Var,5.3,Var,iOS,1.0,IPX8,Apple
6741.5,40.0,6.67,IPS LCD,HD+,120,,5000,Var,15.0,0,13,0.0,1080p (Full HD),30 fps,8.0,8 Çekirdek,12,254.900 Puan,4.0,128,8.35,189.0,Plastik (Cam Görünümlü),Yok,5.0,Yok,Android,1.0,IPX4,Unisoc
119999.0,84.0,6.7,OLED,FHD+,120,Corning Ceramic Shield Glass,4441,Var,20.0,1,48,1.0,2160p (Ultra HD) 4K,60 fps,12.0,6 Çekirdek,3,1.740.400 Puan,8.0,512,8.25,221.0,Cam,Var,5.3,Var,iOS,1.0,IPX8,Apple
25782.3,63.0,6.7,AMOLED,FHD+,120,,5000,Var,66.0,0,200,0.0,2160p (Ultra HD) 4K,30 fps,50.0,8 Çekirdek,4,701.900 Puan,12.0,512,7.8,183.0,,Var,5.2,Var,Android,0.0,,Qualcomm
5652.5,38.0,6.52,IPS LCD,HD+,60,,5000,Var,15.0,0,50,0.0,1080p (Full HD),30 fps,8.0,8 Çekirdek,12,,4.0,128,8.9,190.0,Plastik (Cam Görünümlü),Yok,5.0,Var,Android,0.0,,MediaTek
36286.2,77.0,6.83,AMOLED,FHD+,120,Corning Gorilla Glass 7i,6500,Var,90.0,0,50,1.0,2160p (Ultra HD) 4K,60 fps,20.0,8 Çekirdek,4,2.024.800 Puan,12.0,256,8.2,215.7,Cam,Var,6.0,Var,Android,1.0,IPX8,Qualcomm
48498.06,,6.8,AMOLED,FHD+,120,Corning Gorilla Glass,6000,Var,80.0,0,50,1.0,4320p (Ultra HD) 8K,30 fps,16.0,8 Çekirdek,4,2.088.900 Puan,16.0,512,7.85,205.0,,Var,5.4,Var,Android,1.0,IPX4,Qualcomm
7399.0,,6.67,IPS LCD,HD+,120,,5000,Var,15.0,0,13,0.0,1080p (Full HD),30 fps,8.0,8 Çekirdek,12,,4.0,128,8.25,,Plastik (Cam Görünümlü),Yok,,Yok,Android,1.0,IPX4,Unisoc
77999.0,77.0,6.1,OLED,FHD+,60,Corning Ceramic Shield Glass (Gen2),3561,Var,25.0,1,48,1.0,2160p (Ultra HD) 4K,60 fps,12.0,6 Çekirdek,3,1.517.700 Puan,8.0,512,7.8,170.0,Cam,Var,5.3,Var,iOS,1.0,IPX8,Apple
114999.0,81.0,6.7,OLED,FHD+,120,Corning Ceramic Shield Glass,4323,Var,20.0,1,48,1.0,2160p (Ultra HD) 4K,60 fps,12.0,6 Çekirdek,4,1.761.400 Puan,6.0,1,7.85,240.0,Cam,Var,5.3,Var,iOS,1.0,IPX8,Apple
6961.22,39.0,6.7,IPS LCD,HD+,60,,5000,Yok,,0,48,0.0,1080p (Full HD),30 fps,16.0,8 Çekirdek,12,264.500 Puan,6.0,256,8.7,207.0,,Yok,5.0,Yok,Android,0.0,,Unisoc
,58.0,6.5,OLED,FHD+,60,,3969,Var,18.0,1,12,1.0,2160p (Ultra HD) 4K,60 fps,12.0,6 Çekirdek,7,,4.0,64,8.1,226.0,Cam,Yok,5.0,Var,iOS,1.0,IPX8,Apple
,64.0,6.4,Dynamic AMOLED,QHD+,60,Corning Gorilla Glass 6,4100,Var,15.0,1,12,1.0,2160p (Ultra HD) 4K,60 fps,10.0,8 Çekirdek,8,643.700 Puan,8.0,128,7.8,175.0,Cam,Yok,5.0,Var,Android,1.0,IPX8,Samsung Exynos
6149.0,,6.56,IPS LCD,HD+,90,,5000,Yok,,0,13,0.0,,,8.0,8 Çekirdek,28,,4.0,128,8.7,,,Yok,,Var,Android,0.0,,Unisoc
7352.73,44.0,6.67,IPS LCD,HD+,120,,5000,Var,18.0,0,48,0.0,1440p (Quad HD) 2K,30 fps,8.0,8 Çekirdek,12,249.200 Puan,4.0,128,7.8,192.0,Plastik (Cam Görünümlü),Yok,,Var,Android,1.0,IPX4,MediaTek
7638.25,44.0,6.56,IPS LCD,HD+,90,,5000,Var,18.0,0,50,0.0,1080p (Full HD),30 fps,32.0,8 Çekirdek,12,260.700 Puan,8.0,256,8.3,190.0,,Yok,5.0,Var,Android,0.0,,Unisoc
12775.02,58.0,6.67,AMOLED,FHD+,120,Corning Gorilla Glass 5,4500,Var,67.0,0,64,1.0,2160p (Ultra HD) 4K,60 fps,20.0,8 Çekirdek,7,840.900 Puan,6.0,128,7.7,195.0,Cam,Var,5.2,Var,Android,0.0,,Qualcomm
11600.0,46.0,6.6,PLS,FHD+,90,Corning Gorilla Glass 5,5000,Var,25.0,0,50,1.0,1080p (Full HD),30 fps,8.0,8 Çekirdek,6,,4.0,128,8.4,195.0,Plastik,Yok,5.0,Var,Android,0.0,,Qualcomm
12175.88,37.0,6.5,PLS,HD+,60,,5000,Var,15.0,0,48,0.0,1080p (Full HD),30 fps,13.0,8 Çekirdek,8,,4.0,64,8.9,192.0,Plastik (Cam Görünümlü),Yok,5.0,Var,Android,0.0,,Samsung Exynos
7704.47,35.0,6.71,IPS LCD,HD+,60,,5000,Yok,,0,50,0.0,1080p (Full HD),30 fps,5.0,8 Çekirdek,12,273.400 Puan,4.0,128,8.77,192.0,Plastik,Yok,5.1,Yok,Android,0.0,,MediaTek
102600.0,79.0,6.1,OLED,FHD+,120,Corning Ceramic Shield Glass,3200,Var,20.0,1,48,1.0,2160p (Ultra HD) 4K,60 fps,12.0,6 Çekirdek,4,1.432.800 Puan,6.0,1,7.85,206.0,Cam,Var,5.3,Var,iOS,1.0,IPX8,Apple
27774.2,72.0,6.73,AMOLED,QHD+,120,Corning Gorilla Glass Victus,4600,Var,120.0,1,50,1.0,4320p (Ultra HD) 8K,24 fps,32.0,8 Çekirdek,4,1.119.400 Puan,12.0,256,8.16,205.0,Cam,Var,5.2,Var,Android,0.0,,Qualcomm
,74.0,6.8,Dynamic AMOLED,QHD+,120,Corning Gorilla Glass Victus,5000,Var,25.0,1,108,1.0,4320p (Ultra HD) 8K,24 fps,40.0,8 Çekirdek,5,986.700 Puan,12.0,256,8.9,229.0,Cam,Var,5.2,Var,Android,1.0,IPX8,Samsung Exynos
,58.0,5.4,OLED,FHD+,60,Corning Ceramic Shield Glass,2227,Var,20.0,1,12,1.0,2160p (Ultra HD) 4K,60 fps,12.0,6 Çekirdek,5,1.113.100 Puan,4.0,64,7.4,135.0,Cam,Var,5.0,Var,iOS,1.0,IPX8,Apple
,37.0,6.3,IPS LCD,FHD+,60,,3750,Var,18.0,0,20,0.0,1080p (Full HD),60 fps,24.0,8 Çekirdek,12,229.700 Puan,4.0,64,7.6,172.0,Cam,Yok,4.2,Var,Android,0.0,,HiSilicon Kirin
7044.5,40.0,6.74,IPS LCD,HD+,90,,5000,Var,15.0,0,50,0.0,1080p (Full HD),30 fps,5.0,8 Çekirdek,12,259.800 Puan,6.0,128,7.84,188.0,Plastik (Cam Görünümlü),Yok,5.0,Yok,Android,1.0,IPX4,Unisoc
9957.0,,6.7,AMOLED,FHD+,120,Corning Gorilla Glass 5,5000,Var,33.0,0,64,0.0,,,16.0,8 Çekirdek,6,413.000 Puan,8.0,256,7.96,,,Yok,,Var,Android,0.0,,MediaTek
19499.0,45.0,6.82,IPS LCD,HD+,90,,7000,Var,18.0,0,16,0.0,1440p (Quad HD) 2K,30 fps,8.0,8 Çekirdek,12,,6.0,128,9.63,230.0,Plastik (Cam Görünümlü),Yok,5.0,Var,Android,0.0,,MediaTek
9408.75,43.0,6.67,IPS LCD,HD+,90,,5100,Var,45.0,0,50,0.0,1080p (Full HD),30 fps,5.0,8 Çekirdek,11,249.600 Puan,6.0,128,7.68,186.0,,Yok,5.0,Var,Android,1.0,IPX4,Qualcomm
9899.0,48.0,6.68,IPS LCD,HD+,90,,6000,Var,44.0,0,50,0.0,1080p (Full HD),30 fps,8.0,8 Çekirdek,12,278.200 Puan,8.0,256,8.09,199.0,,Yok,5.0,Var,Android,1.0,IPX4,MediaTek
38071.07,69.0,6.7,Dynamic AMOLED,FHD+,120,Corning Gorilla Glass Victus 2,3700,Var,25.0,1,12,1.0,2160p (Ultra HD) 4K,60 fps,10.0,8 Çekirdek,4,1.507.300 Puan,8.0,256,6.9,187.0,Cam,Var,5.3,Var,Android,1.0,IPX8,Qualcomm
8499.0,44.0,6.72,IPS LCD,FHD+,90,,5000,Var,33.0,0,64,0.0,1080p (Full HD),60 fps,8.0,8 Çekirdek,12,,6.0,128,7.89,189.5,Plastik (Cam Görünümlü),Yok,5.2,Var,Android,0.0,,MediaTek
12415.88,58.0,6.67,AMOLED,FHD+,120,Corning Gorilla Glass 5,5000,Var,67.0,0,50,1.0,2160p (Ultra HD) 4K,30 fps,16.0,8 Çekirdek,6,585.100 Puan,8.0,128,7.9,187.0,Cam,Var,5.2,Var,Android,1.0,IPX3,MediaTek
,74.0,6.7,OLED,FHD+,120,Corning Ceramic Shield Glass,4352,Var,20.0,1,12,1.0,2160p (Ultra HD) 4K,60 fps,12.0,6 Çekirdek,5,1.438.500 Puan,6.0,256,7.65,240.0,Cam,Var,5.0,Var,iOS,1.0,IPX8,Apple
,50.0,6.4,Super AMOLED,FHD+,60,Corning Gorilla Glass 3,6000,Var,15.0,0,64,0.0,2160p (Ultra HD) 4K,30 fps,32.0,8 Çekirdek,10,313.400 Puan,6.0,128,8.9,191.0,Polikarbonat,Yok,5.0,Var,Android,0.0,,Samsung Exynos
12360.75,53.0,6.47,AMOLED,FHD+,60,Corning Gorilla Glass 5,5260,Var,30.0,0,108,1.0,2160p (Ultra HD) 4K,30 fps,32.0,8 Çekirdek,8,370.700 Puan,6.0,128,9.67,208.0,Cam,Yok,5.0,Var,Android,0.0,,Qualcomm
11339.0,,6.78,IPS LCD,FHD+,120,Panda Glass,5000,Var,33.0,0,64,0.0,,,32.0,8 Çekirdek,6,,8.0,256,8.75,208.0,,Yok,5.0,Var,Android,,,MediaTek
9271.05,51.0,6.78,IPS LCD,FHD+,120,,5000,Var,18.0,0,50,0.0,1440p (Quad HD) 2K,30 fps,8.0,8 Çekirdek,6,437.600 Puan,8.0,256,7.7,187.0,Plastik (Cam Görünümlü),Yok,5.0,Var,Android,1.0,Sadece Sıçramalara Karşı,MediaTek
46934.94,75.0,6.8,OLED,FHD+,120,Kunlun Glass 2,5050,Var,100.0,1,50,1.0,2160p (Ultra HD) 4K,60 fps,13.0,8 Çekirdek,7,929.200 Puan,12.0,512,8.4,220.0,Cam,Yok,5.2,Var,Android,1.0,IPX8,HiSilicon Kirin
75453.25,86.0,6.8,OLED,FHD+,120,NanoCrystal Shield,5600,Var,80.0,1,50,1.0,2160p (Ultra HD) 4K,60 fps,50.0,8 Çekirdek,4,2.051.100 Puan,12.0,512,8.9,229.0,Cam | Kauçuk/Plastik (Deri Görünümlü),Var,5.3,Var,Android,1.0,IPX8,Qualcomm
4607.04,,6.51,IPS LCD,HD+,60,,4000,,,0,13,0.0,,,8.0,8 Çekirdek,28,,4.0,128,9.45,180.0,,Yok,,,Android,0.0,,Unisoc
98999.0,75.0,6.7,OLED,FHD+,120,Corning Ceramic Shield Glass,4352,Var,20.0,1,12,1.0,2160p (Ultra HD) 4K,60 fps,12.0,6 Çekirdek,5,1.438.500 Puan,6.0,512,7.65,240.0,Cam,Var,5.0,Var,iOS,1.0,IPX8,Apple
11220.98,36.0,6.5,PLS,HD+,60,,5000,Var,15.0,0,48,0.0,1080p (Full HD),30 fps,8.0,8 Çekirdek,12,152.800 Puan,4.0,64,8.9,205.0,Plastik,Yok,5.0,Yok,Android,0.0,,MediaTek
,54.0,6.7,Super AMOLED,FHD+,60,Corning Gorilla Glass 3,4500,Var,25.0,0,12,1.0,2160p (Ultra HD) 4K,60 fps,32.0,8 Çekirdek,10,,8.0,128,8.7,199.0,Plastik (Cam Görünümlü),Yok,5.0,Var,Android,0.0,,Samsung Exynos
13628.15,53.0,6.78,AMOLED,FHD+,120,Corning Gorilla Glass,5000,Var,33.0,0,50,0.0,1440p (Quad HD) 2K,30 fps,13.0,8 Çekirdek,6,446.100 Puan,8.0,256,6.8,162.0,Plastik (Cam Görünümlü),Yok,5.0,Var,Android,1.0,IPX4,MediaTek
8969.03,40.0,6.7,PLS,HD+,60,,5000,Var,25.0,0,50,0.0,1080p (Full HD),60 fps,8.0,8 Çekirdek,12,247.700 Puan,4.0,128,8.0,189.0,Plastik,Yok,5.3,Yok,Android,0.0,,MediaTek
12499.0,52.0,6.78,IPS LCD,FHD+,120,,5000,Var,33.0,0,108,0.0,1440p (Quad HD) 2K,30 fps,32.0,8 Çekirdek,6,439.300 Puan,8.0,256,8.4,206.0,,Yok,5.2,Var,Android,1.0,IPX3,MediaTek
19000.0,61.0,6.7,AMOLED,FHD+,120,,5000,Var,100.0,0,200,1.0,2160p (Ultra HD) 4K,30 fps,32.0,8 Çekirdek,6,560.400 Puan,12.0,512,8.7,189.0,,Var,5.2,Var,Android,0.0,,MediaTek
,56.0,5.8,OLED,FHD+,60,,3046,Var,18.0,1,12,1.0,2160p (Ultra HD) 4K,60 fps,12.0,6 Çekirdek,7,1.144.400 Puan,4.0,64,8.1,188.0,Cam,Yok,5.0,Var,iOS,1.0,IPX8,Apple
,24.0,5.5,TFT LCD,FHD,60,Corning Gorilla Glass 4,3300,Yok,,0,13,0.0,1080p (Full HD),30 fps,8.0,8 Çekirdek,14,,3.0,16,8.0,167.0,Metal,Yok,4.1,Yok,Android,0.0,,Samsung Exynos
6892.8,,6.53,IPS LCD,HD+,90,,5000,,,0,50,0.0,,,13.0,8 Çekirdek,12,,6.0,128,,,,Yok,5.0,,Android,0.0,,MediaTek
,69.0,6.28,AMOLED,FHD+,120,Corning Gorilla Glass Victus,4500,Var,67.0,1,50,1.0,4320p (Ultra HD) 8K,24 fps,32.0,8 Çekirdek,4,1.205.200 Puan,12.0,256,8.16,180.0,Cam,Var,5.2,Var,Android,0.0,,Qualcomm
15040.58,41.0,6.4,Super AMOLED,FHD+,60,Corning Gorilla Glass 3,4000,Var,15.0,0,25,0.0,1080p (Full HD),30 fps,25.0,8 Çekirdek,10,274.900 Puan,6.0,64,7.7,166.0,Plastik (Cam Görünümlü),Yok,5.0,Yok,Android,0.0,,Samsung Exynos
6732.05,,6.56,IPS LCD,HD+,90,,5000,Var,18.0,0,50,0.0,1080p (Full HD),30 fps,8.0,8 Çekirdek,12,154.300 Puan,6.0,128,9.0,203.0,Plastik (Cam Görünümlü),Yok,5.0,Yok,Android,1.0,IPX3,MediaTek
9386.34,52.0,6.78,IPS LCD,FHD+,120,,5000,Var,45.0,0,64,0.0,1440p (Quad HD) 2K,30 fps,16.0,8 Çekirdek,6,438.000 Puan,8.0,256,8.58,219.0,,Yok,,Var,Android,1.0,IPX3,MediaTek
89999.0,71.0,6.1,OLED,FHD+,120,Corning Ceramic Shield Glass,3095,Var,20.0,1,12,1.0,2160p (Ultra HD) 4K,60 fps,12.0,6 Çekirdek,5,1.484.600 Puan,6.0,256,7.65,204.0,Cam,Var,5.0,Var,iOS,1.0,IPX8,Apple
6902.4,31.0,6.53,IPS LCD,HD+,60,,5000,Yok,,0,13,0.0,1080p (Full HD),30 fps,5.0,8 Çekirdek,12,141.900 Puan,3.0,64,9.0,196.0,Plastik,Yok,5.0,Yok,Android,1.0,Sadece Sıçramalara Karşı,MediaTek
,42.0,5.5,IPS LCD,FHD,60,,2675,Var,15.0,1,12,1.0,2160p (Ultra HD) 4K,60 fps,7.0,6 Çekirdek,10,616.800 Puan,3.0,64,7.5,202.0,Cam,Yok,5.0,Var,iOS,1.0,IPX7,Apple
7800.02,,6.74,IPS LCD,HD+,90,,5500,Var,15.0,0,13,0.0,1080p (Full HD),30 fps,5.0,8 Çekirdek,12,,6.0,256,8.19,199.0,Plastik (Cam Görünümlü),Yok,5.4,Yok,Android,1.0,IPX4,Unisoc
8999.0,,6.7,IPS LCD,HD+,90,,5000,Var,22.5,0,108,0.0,1080p (Full HD),30 fps,16.0,8 Çekirdek,12,,8.0,256,8.2,,,Yok,,,Android,0.0,,Unisoc
12977.42,54.0,6.67,OLED,FHD+,120,AGC DT-Star2,5000,Var,45.0,0,50,0.0,1080p (Full HD),30 fps,32.0,8 Çekirdek,6,374.000 Puan,8.0,256,7.76,187.0,Plastik (Cam Görünümlü),Yok,5.0,Var,Android,1.0,IPX4,Qualcomm
22035.0,58.0,6.7,OLED,FHD+,120,,5000,Var,100.0,0,50,0.0,2160p (Ultra HD) 4K,30 fps,60.0,8 Çekirdek,7,595.800 Puan,12.0,256,6.98,195.0,,Yok,5.2,Var,Android,0.0,,HiSilicon Kirin
30400.0,58.0,6.95,IPS LCD,FHD+,144,,5000,Var,33.0,0,100,0.0,2160p (Ultra HD) 4K,30 fps,32.0,8 Çekirdek,4,1.019.600 Puan,12.0,256,8.0,230.0,Metal,Var,5.2,Var,Android,0.0,,MediaTek
9999.0,,6.78,IPS LCD,FHD+,120,Panda MN228,5000,Var,33.0,0,50,0.0,1080p (Full HD),30 fps,32.0,8 Çekirdek,12,,6.0,256,8.35,200.0,,Yok,5.0,Var,Android,0.0,,MediaTek
110322.55,85.0,6.7,OLED,FHD+,120,Corning Ceramic Shield Glass,4441,Var,20.0,1,48,1.0,2160p (Ultra HD) 4K,60 fps,12.0,6 Çekirdek,3,1.740.400 Puan,8.0,1,8.25,221.0,Cam,Var,5.3,Var,iOS,1.0,IPX8,Apple
36100.0,64.0,6.1,OLED,FHD+,60,Corning Ceramic Shield Glass,2815,Var,20.0,1,12,1.0,2160p (Ultra HD) 4K,60 fps,12.0,6 Çekirdek,5,1.250.400 Puan,4.0,256,7.4,164.0,Cam,Var,5.0,Var,iOS,1.0,IPX8,Apple
7138.99,37.0,6.53,IPS LCD,FHD+,60,Corning Gorilla Glass 3,5020,Var,18.0,0,13,0.0,1080p (Full HD),30 fps,8.0,8 Çekirdek,12,280.700 Puan,4.0,64,9.1,198.0,Plastik,Yok,5.0,Yok,Android,0.0,,MediaTek
,30.0,4.7,IPS LCD,HD+,60,,1960,Yok,,0,12,1.0,2160p (Ultra HD) 4K,30 fps,7.0,4 Çekirdek,16,441.200 Puan,2.0,32,7.1,138.0,Alüminyum,Yok,4.2,Var,iOS,1.0,IPX7,Apple
33484.83,66.0,6.7,AMOLED,FHD+,120,,5000,Var,67.0,0,50,1.0,2160p (Ultra HD) 4K,30 fps,32.0,8 Çekirdek,4,696.600 Puan,12.0,512,8.75,196.0,,Var,5.2,Var,Android,1.0,IPX5,Qualcomm
74499.0,74.0,6.7,OLED,FHD+,60,Corning Ceramic Shield Glass,4383,Var,20.0,1,48,1.0,2160p (Ultra HD) 4K,60 fps,12.0,6 Çekirdek,4,1.417.400 Puan,6.0,512,7.8,201.0,Cam,Var,5.3,Var,iOS,1.0,IPX8,Apple
,63.0,6.7,Super AMOLED,FHD+,60,Corning Gorilla Glass 5,4300,Var,25.0,1,12,1.0,4320p (Ultra HD) 8K,24 fps,10.0,8 Çekirdek,7,,8.0,256,8.3,192.0,Polikarbonat,Yok,5.0,Var,Android,1.0,IPX8,Samsung Exynos
,22.0,6.09,IPS LCD,HD+,60,,3020,Yok,,0,13,0.0,1080p (Full HD),30 fps,8.0,4 Çekirdek,12,,2.0,32,8.0,150.0,,Yok,4.2,Yok,Android,0.0,,MediaTek
,50.0,6.5,OLED,FHD+,60,,3174,Var,15.0,1,12,1.0,2160p (Ultra HD) 4K,60 fps,7.0,6 Çekirdek,7,831.200 Puan,4.0,64,7.7,208.0,Cam,Yok,5.0,Var,iOS,1.0,IPX8,Apple
,34.0,5.5,IPS LCD,FHD,60,,2900,Yok,,0,12,1.0,2160p (Ultra HD) 4K,30 fps,7.0,4 Çekirdek,16,496.100 Puan,3.0,32,7.3,188.0,Alüminyum,Yok,4.2,Var,iOS,1.0,IPX7,Apple
13096.88,,6.67,IPS LCD,HD+,90,,5800,Var,45.0,0,50,0.0,1080p (Full HD),30 fps,8.0,8 Çekirdek,11,,8.0,256,7.86,195.0,,Yok,5.0,Var,Android,1.0,IPX9,Qualcomm
49271.89,76.0,6.86,AMOLED,FHD+,120,,4780,Var,67.0,0,50,1.0,4320p (Ultra HD) 8K,24 fps,32.0,8 Çekirdek,4,1.960.500 Puan,12.0,512,7.8,190.0,,Var,5.4,Var,Android,0.0,,Qualcomm
24063.48,69.0,6.67,AMOLED,FHD+,120,Corning Gorilla Glass 5,5000,Var,120.0,0,200,1.0,4320p (Ultra HD) 8K,24 fps,20.0,8 Çekirdek,4,1.345.300 Puan,12.0,256,8.6,205.0,Cam,Var,5.2,Var,Android,1.0,IPX3,Qualcomm
103550.0,80.0,6.7,OLED,FHD+,120,Corning Ceramic Shield Glass,4323,Var,20.0,1,48,1.0,2160p (Ultra HD) 4K,60 fps,12.0,6 Çekirdek,4,1.761.400 Puan,6.0,512,7.85,240.0,Cam,Var,5.3,Var,iOS,1.0,IPX8,Apple
,62.0,6.7,Dynamic AMOLED,FHD+,120,Corning Gorilla Glass Victus,3300,Var,15.0,1,12,1.0,2160p (Ultra HD) 4K,60 fps,10.0,8 Çekirdek,5,940.000 Puan,8.0,128,6.9,183.0,Cam,Var,5.1,Var,Android,1.0,IPX8,Qualcomm
19999.0,57.0,6.67,IPS LCD,FHD+,144,Corning Gorilla Glass 5,5000,Var,33.0,0,108,1.0,4320p (Ultra HD) 8K,30 fps,20.0,8 Çekirdek,7,861.000 Puan,8.0,128,9.33,218.0,Cam,Var,5.1,Var,Android,0.0,,Qualcomm
9499.0,47.0,6.7,IPS LCD,HD+,120,,5160,Var,45.0,0,50,0.0,1440p (Quad HD) 2K,30 fps,8.0,8 Çekirdek,12,274.600 Puan,6.0,128,7.7,188.0,Plastik (Cam Görünümlü),Yok,5.3,Var,Android,1.0,IPX4,MediaTek
20399.0,61.0,6.7,AMOLED,FHD+,120,,5000,Var,67.0,0,64,0.0,2160p (Ultra HD) 4K,30 fps,32.0,8 Çekirdek,6,595.600 Puan,8.0,256,7.54,177.0,Plastik (Cam Görünümlü),Var,5.2,Var,Android,1.0,IPX5,MediaTek
15500.0,45.0,6.43,AMOLED,FHD+,60,,5000,Var,33.0,0,48,0.0,1080p (Full HD),30 fps,16.0,8 Çekirdek,11,,4.0,128,7.95,175.0,Plastik (Cam Görünümlü),Yok,5.0,Var,Android,0.0,,Qualcomm
10533.17,47.0,6.47,AMOLED,FHD+,60,Corning Gorilla Glass 5,5260,Var,30.0,0,64,0.0,2160p (Ultra HD) 4K,30 fps,16.0,8 Çekirdek,8,,6.0,64,9.67,204.0,Cam,Yok,5.0,Var,Android,0.0,,Qualcomm
8690.5,29.0,6.4,PLS,HD+,60,,4000,Var,15.0,0,13,0.0,1080p (Full HD),30 fps,8.0,8 Çekirdek,14,,2.0,32,8.0,177.0,Plastik,Yok,4.2,Yok,Android,0.0,,Qualcomm
89999.0,83.0,6.5,OLED,FHD+,120,Corning Ceramic Shield Glass (Gen2),3149,Var,20.0,1,48,1.0,2160p (Ultra HD) 4K,60 fps,18.0,6 Çekirdek,3,2.123.800 Puan,12.0,1,5.64,165.0,Cam,Var,6.0,Var,iOS,1.0,IPX8,Apple
8511.14,44.0,6.7,IPS LCD,HD+,120,,5000,Var,18.0,0,48,0.0,1440p (Quad HD) 2K,30 fps,8.0,8 Çekirdek,12,261.600 Puan,6.0,128,8.1,185.6,Plastik (Cam Görünümlü),Yok,,,Android,1.0,IPX4,MediaTek
17999.0,56.0,6.67,AMOLED,FHD+,120,Corning Gorilla Glass 5,5020,Var,33.0,0,108,0.0,2160p (Ultra HD) 4K,30 fps,16.0,8 Çekirdek,8,417.800 Puan,8.0,256,8.1,193.0,Cam,Yok,5.1,Var,Android,1.0,IPX3,Qualcomm
14399.04,44.0,6.5,IPS LCD,FHD+,90,Corning Gorilla Glass 3,5000,Var,18.0,0,50,0.0,1080p (Full HD),30 fps,8.0,8 Çekirdek,12,255.300 Puan,4.0,128,8.92,181.0,Plastik (Cam Görünümlü),Yok,5.1,Yok,Android,0.0,,MediaTek
12500.0,32.0,6.3,IPS LCD,HD+,60,,5000,Yok,,0,13,0.0,1080p (Full HD),30 fps,8.0,8 Çekirdek,12,,3.0,64,9.04,185.0,,Yok,5.0,Var,Android,0.0,,MediaTek
,47.0,6.7,Super AMOLED,FHD+,60,Corning Gorilla Glass 3,4500,Var,25.0,0,32,0.0,2160p (Ultra HD) 4K,30 fps,32.0,8 Çekirdek,11,310.500 Puan,6.0,128,7.9,183.0,Plastik (Cam Görünümlü),Yok,5.0,Var,Android,0.0,,Qualcomm
13699.0,55.0,6.67,AMOLED,FHD+,120,,5000,Var,67.0,0,50,1.0,1080p (Full HD),30 fps,16.0,8 Çekirdek,6,367.500 Puan,8.0,512,7.92,187.0,,Yok,5.0,Var,Android,1.0,IPX4,Qualcomm
85399.0,80.0,6.7,OLED,FHD+,60,Corning Ceramic Shield Glass (Gen2),4674,Var,30.0,1,48,1.0,2160p (Ultra HD) 4K,60 fps,12.0,6 Çekirdek,3,1.572.700 Puan,8.0,512,7.8,199.0,Cam,Var,5.3,Var,iOS,1.0,IPX8,Apple
18144.04,57.0,6.5,Super AMOLED,FHD+,120,Corning Gorilla Glass 5,5000,Var,25.0,0,50,1.0,2160p (Ultra HD) 4K,30 fps,13.0,8 Çekirdek,5,485.500 Puan,8.0,256,8.3,197.0,Plastik (Cam Görünümlü),Var,5.3,Var,Android,0.0,,Samsung Exynos
11599.0,39.0,6.6,PLS,FHD+,60,Corning Gorilla Glass 5,5000,Var,15.0,0,50,0.0,1080p (Full HD),30 fps,8.0,8 Çekirdek,8,,4.0,64,8.8,195.0,Plastik,Yok,5.0,Yok,Android,0.0,,Samsung Exynos
,66.0,6.81,AMOLED,QHD+,120,Corning Gorilla Glass Victus,4600,Var,55.0,1,108,1.0,4320p (Ultra HD) 8K,30 fps,20.0,8 Çekirdek,5,,8.0,256,8.06,196.0,Cam,Var,5.2,Var,Android,0.0,,Qualcomm
23998.8,64.0,6.67,AMOLED,FHD+,120,Corning Gorilla Glass Victus 2,5110,Var,45.0,0,50,1.0,2160p (Ultra HD) 4K,30 fps,20.0,8 Çekirdek,4,646.600 Puan,8.0,256,8.4,190.0,Kauçuk/Plastik (Deri Görünümlü) | Plastik (Cam Görünümlü),Var,5.4,Var,Android,1.0,IPX8,MediaTek
20000.0,64.0,6.67,AMOLED,FHD+,120,Corning Gorilla Glass Victus,5100,Var,67.0,0,64,1.0,2160p (Ultra HD) 4K,30 fps,16.0,8 Çekirdek,4,605.800 Puan,12.0,512,7.98,181.0,Plastik (Cam Görünümlü),Var,5.2,Var,Android,1.0,IPX4,Qualcomm
13069.0,46.0,6.67,IPS LCD,HD+,90,,5000,Var,45.0,0,50,0.0,1080p (Full HD),30 fps,8.0,8 Çekirdek,6,334.900 Puan,8.0,128,7.68,186.0,,Yok,5.0,Var,Android,1.0,IPX4,Qualcomm
18619.6,60.0,6.78,AMOLED,FHD+,120,,6000,Var,70.0,0,108,0.0,1440p (Quad HD) 2K,30 fps,32.0,8 Çekirdek,6,439.200 Puan,12.0,256,7.88,195.0,Plastik (Cam Görünümlü),Var,5.3,Var,Android,1.0,IPX3,MediaTek
15868.18,57.0,6.67,AMOLED,FHD+,60,Corning Gorilla Glass 5,4700,Var,30.0,0,64,0.0,4320p (Ultra HD) 8K,30 fps,20.0,8 Çekirdek,7,756.200 Puan,8.0,256,8.9,219.0,Cam,Var,5.1,Var,Android,0.0,,Qualcomm
,66.0,6.7,Dynamic AMOLED,QHD+,120,Corning Gorilla Glass 6,4500,Var,25.0,1,12,1.0,4320p (Ultra HD) 8K,24 fps,10.0,8 Çekirdek,7,,8.0,128,7.8,186.0,Cam,Yok,5.0,Var,Android,1.0,IPX8,Samsung Exynos
,46.0,5.8,OLED,FHD+,60,,2716,Var,15.0,1,12,1.0,2160p (Ultra HD) 4K,60 fps,7.0,6 Çekirdek,10,623.200 Puan,3.0,64,7.7,174.0,Cam,Yok,5.0,Var,iOS,1.0,IPX7,Apple
62999.0,75.0,6.1,OLED,FHD+,60,Corning Ceramic Shield Glass,4005,Var,20.0,1,48,1.0,2160p (Ultra HD) 4K,60 fps,12.0,6 Çekirdek,3,1.405.700 Puan,8.0,512,7.8,167.0,Cam,Var,5.3,Var,iOS,1.0,IPX8,Apple
62999.0,74.0,6.42,AMOLED,FHD+,120,,5750,Var,70.0,1,50,1.0,2160p (Ultra HD) 4K,60 fps,32.0,8 Çekirdek,4,1.157.000 Puan,12.0,512,11.98,249.0,,Var,5.3,Var,Android,1.0,IPX4,MediaTek
6960.0,42.0,6.68,IPS LCD,HD+,90,,5500,Var,15.0,0,50,0.0,1080p (Full HD),30 fps,5.0,8 Çekirdek,12,247.100 Puan,4.0,128,8.1,198.0,Plastik (Metalik Görünümlü),Yok,5.0,Yok,Android,1.0,IPX4,Unisoc
11800.0,45.0,6.74,IPS LCD,HD+,90,Corning Gorilla Glass 3,5000,Var,18.0,0,50,0.0,1080p (Full HD),30 fps,8.0,8 Çekirdek,12,276.600 Puan,8.0,256,8.09,192.0,Plastik (Cam Görünümlü),Yok,5.3,Var,Android,1.0,IPX2,MediaTek
11699.0,51.0,6.4,Super AMOLED,FHD+,90,Corning Gorilla Glass 5,5000,Var,67.0,0,108,0.0,1080p (Full HD),30 fps,16.0,8 Çekirdek,6,427.200 Puan,8.0,256,7.95,178.0,,Yok,5.2,Var,Android,0.0,,MediaTek
9995.5,51.0,6.55,AMOLED,FHD+,90,Corning Gorilla Glass 5,4250,Var,33.0,0,64,0.0,2160p (Ultra HD) 4K,30 fps,16.0,8 Çekirdek,8,411.900 Puan,6.0,128,6.81,157.0,Cam,Yok,5.1,Var,Android,0.0,,Qualcomm
19256.78,62.0,6.67,AMOLED,FHD+,120,Corning Gorilla Glass 5,5000,Var,67.0,0,200,1.0,1080p (Full HD),60 fps,16.0,8 Çekirdek,6,433.200 Puan,12.0,512,7.98,179.0,,Yok,5.3,Var,Android,1.0,IPX4,MediaTek
8299.0,44.0,6.67,IPS LCD,HD+,90,,5000,Var,45.0,0,50,0.0,1080p (Full HD),30 fps,8.0,8 Çekirdek,12,273.000 Puan,8.0,128,7.64,185.0,,Yok,5.0,Var,Android,1.0,IPX4,MediaTek
22440.15,68.0,6.67,AMOLED,FHD+,120,Corning Gorilla Glass Victus,5000,Var,90.0,0,50,1.0,2160p (Ultra HD) 4K,60 fps,20.0,8 Çekirdek,4,1.628.600 Puan,8.0,256,7.8,179.0,Plastik (Cam Görünümlü),Var,5.4,Var,Android,1.0,IPX4,Qualcomm
9656.48,50.0,6.4,Super AMOLED,FHD+,90,Corning Gorilla Glass 5,5000,Var,67.0,0,108,0.0,1080p (Full HD),30 fps,16.0,8 Çekirdek,6,427.200 Puan,8.0,128,7.95,178.0,,Yok,5.2,Var,Android,0.0,,MediaTek
8984.0,49.0,6.4,Super AMOLED,FHD+,90,Corning Gorilla Glass 5,5000,Var,33.0,0,50,0.0,1080p (Full HD),30 fps,16.0,8 Çekirdek,6,408.000 Puan,8.0,128,7.95,178.0,Plastik (Cam Görünümlü),Yok,5.3,Var,Android,0.0,,MediaTek
49584.46,67.0,6.1,OLED,FHD+,60,Corning Ceramic Shield Glass,3227,Var,20.0,1,12,1.0,2160p (Ultra HD) 4K,60 fps,12.0,6 Çekirdek,5,1.550.800 Puan,4.0,512,7.65,174.0,Cam,Var,5.0,Var,iOS,1.0,IPX8,Apple
,48.0,6.43,AMOLED,FHD+,60,,4310,Var,30.0,0,48,0.0,2160p (Ultra HD) 4K,30 fps,32.0,8 Çekirdek,12,331.900 Puan,8.0,128,7.8,172.0,Plastik (Cam Görünümlü),Yok,5.1,Var,Android,0.0,,MediaTek
7496.16,45.0,6.67,IPS LCD,FHD+,60,Corning Gorilla Glass 5,5020,Var,18.0,0,48,0.0,2160p (Ultra HD) 4K,30 fps,16.0,8 Çekirdek,8,396.000 Puan,4.0,64,8.8,209.0,Cam,Yok,5.0,Yok,Android,1.0,Sadece Sıçramalara Karşı (P2i),Qualcomm
2999.0,20.0,5.5,Super AMOLED,HD,60,,3000,Yok,,0,13,0.0,1080p (Full HD),30 fps,5.0,8 Çekirdek,28,,1.5,16,7.5,171.0,Plastik,Yok,4.1,Yok,Android,0.0,,Samsung Exynos
30347.8,69.0,6.77,AMOLED,FHD+,120,Vivo Shield Glass,6000,Var,90.0,0,50,1.0,2160p (Ultra HD) 4K,30 fps,50.0,8 Çekirdek,4,806.100 Puan,12.0,256,7.39,199.0,Cam | Plastik (Cam Görünümlü),Var,5.4,Var,Android,1.0,IPX9,Qualcomm
18996.48,63.0,6.67,AMOLED,FHD+,120,Corning Gorilla Glass Victus,5100,Var,67.0,0,64,1.0,2160p (Ultra HD) 4K,30 fps,16.0,8 Çekirdek,4,605.800 Puan,12.0,256,7.98,181.0,Plastik (Cam Görünümlü),Var,5.2,Var,Android,1.0,IPX4,Qualcomm
16099.0,57.0,6.7,OLED,FHD+,120,Kunlun Glass,4500,Var,66.0,0,50,0.0,2160p (Ultra HD) 4K,30 fps,60.0,8 Çekirdek,6,590.900 Puan,8.0,256,6.88,168.0,,Yok,5.2,Var,Android,0.0,,Qualcomm
52499.0,68.0,6.1,OLED,FHD+,60,Corning Ceramic Shield Glass,3279,Var,20.0,1,12,1.0,2160p (Ultra HD) 4K,60 fps,12.0,6 Çekirdek,5,1.381.900 Puan,6.0,512,7.8,172.0,Cam,Var,5.3,Var,iOS,1.0,IPX8,Apple
17467.0,57.0,6.55,AMOLED,FHD+,120,Corning Gorilla Glass 5,4300,Var,67.0,0,108,0.0,2160p (Ultra HD) 4K,30 fps,32.0,8 Çekirdek,6,598.100 Puan,8.0,256,7.29,173.0,Cam,Var,5.2,Var,Android,0.0,,Qualcomm
15085.44,57.0,6.67,AMOLED,FHD+,120,Corning Gorilla Glass 5,5000,Var,67.0,0,108,0.0,1080p (Full HD),30 fps,16.0,8 Çekirdek,6,,8.0,256,8.12,205.0,Plastik (Cam Görünümlü),Var,5.1,Var,Android,1.0,IPX3,Qualcomm
16710.75,59.0,6.67,AMOLED,FHD+,120,Corning Gorilla Glass Victus,5000,Var,67.0,0,108,0.0,2160p (Ultra HD) 4K,30 fps,16.0,8 Çekirdek,6,808.800 Puan,8.0,128,8.8,203.0,Cam,Var,5.2,Var,Android,1.0,IPX3,MediaTek
3780.0,,5.5,IPS LCD,HD+,60,,3000,Yok,,0,8,0.0,1080p (Full HD),30 fps,5.0,4 Çekirdek,12,,2.0,32,9.95,172.0,Plastik,Yok,4.2,Yok,Android,0.0,,MediaTek
,77.0,6.8,Dynamic AMOLED,QHD+,120,Corning Gorilla Glass Victus+,5000,Var,45.0,1,108,1.0,4320p (Ultra HD) 8K,24 fps,40.0,8 Çekirdek,4,1.180.900 Puan,12.0,512,8.9,228.0,Cam,Var,5.2,Var,Android,1.0,IPX8,Qualcomm
9999.0,32.0,6.52,IPS LCD,HD+,60,,5000,Yok,,0,13,0.0,1080p (Full HD),30 fps,8.0,8 Çekirdek,12,,4.0,64,8.4,190.0,Plastik (Cam Görünümlü),Yok,5.0,Yok,Android,0.0,,MediaTek
,40.0,6.53,IPS LCD,FHD+,60,Corning Gorilla Glass 5,5020,Var,18.0,0,48,0.0,1080p (Full HD),30 fps,13.0,8 Çekirdek,12,,3.0,64,8.9,199.0,Plastik (Cam Görünümlü),Yok,5.0,,Android,1.0,Sadece Sıçramalara Karşı,MediaTek
7999.0,44.0,6.53,IPS LCD,FHD+,60,Corning Gorilla Glass 5,4500,Var,18.0,0,64,0.0,2160p (Ultra HD) 4K,30 fps,20.0,8 Çekirdek,12,439.200 Puan,6.0,64,8.8,199.0,Cam,Yok,5.0,Var,Android,1.0,IPX2,MediaTek
,25.0,6.2,PLS,HD+,60,,4000,Yok,,0,13,0.0,1080p (Full HD),30 fps,8.0,8 Çekirdek,12,,2.0,32,7.8,168.0,Plastik,Yok,4.2,Yok,Android,0.0,,MediaTek
46105.18,79.0,6.67,AMOLED,QHD+,120,Corning Gorilla Glass 7i,6000,Var,90.0,0,50,1.0,4320p (Ultra HD) 8K,24 fps,20.0,8 Çekirdek,4,2.065.300 Puan,12.0,512,8.12,206.0,Cam,Var,5.4,Var,Android,1.0,IPX8,Qualcomm
10599.0,49.0,6.7,IPS LCD,HD+,120,,5160,Var,45.0,0,50,0.0,1440p (Quad HD) 2K,30 fps,8.0,8 Çekirdek,12,280.300 Puan,8.0,256,7.7,188.0,Plastik (Cam Görünümlü),Yok,5.3,Var,Android,1.0,IPX4,MediaTek
6975.0,,6.78,IPS LCD,FHD+,120,,5000,Var,,0,64,0.0,1080p (Full HD),30 fps,13.0,8 Çekirdek,6,,8.0,256,8.35,,,Yok,5.2,Var,Android,0.0,,MediaTek
37995.34,65.0,6.7,Dynamic AMOLED,FHD+,120,Corning Gorilla Glass Victus,3700,Var,25.0,1,12,1.0,2160p (Ultra HD) 4K,60 fps,10.0,8 Çekirdek,4,1.258.400 Puan,8.0,128,6.9,187.0,Cam,Var,5.2,Var,Android,1.0,IPX8,Qualcomm
5347.44,,6.75,IPS LCD,HD+,90,,5000,,,0,48,0.0,,,16.0,8 Çekirdek,12,,4.0,128,8.6,,,Yok,5.0,,Android,,,Unisoc
97499.0,88.0,6.3,OLED,FHD+,120,Corning Ceramic Shield Glass (Gen2),3582,Var,25.0,1,48,1.0,2160p (Ultra HD) 4K,60 fps,12.0,6 Çekirdek,3,1.853.700 Puan,8.0,1,8.25,199.0,Cam,Var,5.3,Var,iOS,1.0,IPX8,Apple
5979.0,42.0,6.75,IPS LCD,HD+,90,,5200,Var,22.5,0,50,0.0,1080p (Full HD),30 fps,8.0,8 Çekirdek,12,222.200 Puan,6.0,128,8.3,204.0,Plastik,Yok,5.2,Var,Android,0.0,,Unisoc
13942.04,50.0,6.5,Super AMOLED,FHD+,90,,6000,Var,25.0,0,50,0.0,1080p (Full HD),30 fps,13.0,8 Çekirdek,6,370.300 Puan,4.0,128,9.3,217.0,Plastik,Var,5.3,Var,Android,0.0,,MediaTek
62769.7,77.0,6.7,AMOLED,QHD+,120,Corning Gorilla Glass Victus,5000,Var,100.0,0,50,1.0,4320p (Ultra HD) 8K,24 fps,16.0,8 Çekirdek,4,1.516.900 Puan,16.0,256,8.53,205.0,Cam,Var,5.3,Var,Android,1.0,IPX4,Qualcomm
,61.0,6.8,AMOLED,FHD+,120,Corning Gorilla Glass Victus,5160,Var,45.0,0,64,1.0,2160p (Ultra HD) 4K,60 fps,32.0,8 Çekirdek,4,,8.0,256,8.9,210.5,Plastik (Cam Görünümlü),Var,5.0,Var,Android,0.0,,MediaTek
